Date,Shift Start,Shift End,Hours,Break,Notes
"Mon, Nov 19",8:00 AM,4:00 PM,8.0,0.0,""
"Tue, Nov 20",8:00 AM,4:00 PM,8.0,0.0,""
"Wed, Nov 21",8:00 AM,7:00 PM,11.0,0.0,""
"Mon, Nov 26",8:00 AM,4:30 PM,8.5,0.0,""
"Tue, Nov 27",8:00 AM,5:00 PM,9.0,0.0,""
"Wed, Nov 28",8:00 AM,5:00 PM,9.0,0.0,""
"Thu, Nov 29",8:00 AM,5:30 PM,9.5,0.0,""
"Fri, Nov 30",8:00 AM,5:00 PM,9.0,0.0,""
"Mon, Dec 3",8:00 AM,5:00 PM,9.0,0.0,""
"Wed, Dec 5",8:00 AM,6:00 PM,10.0,0.0,""
"Thu, Dec 6",8:00 AM,5:00 PM,9.0,0.0,""
"Fri, Dec 7",8:00 AM,4:30 PM,8.5,0.0,""
"Mon, Dec 10",8:00 AM,5:30 PM,9.5,0.0,""
"Tue, Dec 11",8:00 AM,5:30 PM,9.5,0.0,""
"Wed, Dec 12",8:00 AM,5:00 PM,9.0,0.0,""
"Thu, Dec 13",8:00 AM,6:00 PM,10.0,0.0,""
"Fri, Dec 14",8:00 AM,4:30 PM,8.5,0.0,""
"Mon, Dec 17",8:00 AM,5:00 PM,9.0,0.0,""
"Tue, Dec 18",8:00 AM,5:00 PM,9.0,0.0,""
"Wed, Dec 19",8:00 AM,6:00 PM,10.0,0.0,""
"Thu, Dec 20",8:00 AM,5:00 PM,9.0,0.0,""
"Fri, Dec 21",8:00 AM,5:00 PM,9.0,0.0,""
"Mon, Dec 24",8:00 AM,4:00 PM,8.0,0.0,""
"Wed, Dec 26",8:00 AM,2:30 PM,6.5,0.0,""
"Thu, Dec 27",8:00 AM,5:00 PM,9.0,0.0,""
"Fri, Dec 28",8:00 AM,4:30 PM,8.5,0.0,""
"Fri, Jan 4",8:00 AM,5:00 PM,9.0,0.0,""
"Mon, Jan 7",7:30 AM,5:00 PM,9.5,0.0,""
"Tue, Jan 8",8:00 AM,2:00 PM,6.0,0.0,""
"Thu, Jan 10",8:00 AM,1:00 PM,5.0,0.0,""
"Fri, Jan 11",8:00 AM,5:00 PM,9.0,0.0,""
"Mon, Jan 14",8:00 AM,4:30 PM,8.5,0.0,""
"Tue, Jan 15",7:30 AM,8:00 PM,12.5,0.0,""
"Wed, Jan 16",8:00 AM,5:00 PM,9.0,0.0,""
"Thu, Jan 17",8:00 AM,5:30 PM,9.5,0.0,""
"Fri, Jan 18",8:00 AM,7:00 PM,11.0,0.0,""
"Wed, Jan 23",1:00 PM,6:30 PM,5.5,0.0,""
"Thu, Jan 24",8:00 AM,6:30 PM,10.5,0.0,""
"Fri, Jan 25",8:00 AM,6:00 PM,10.0,0.0,""
"Mon, Jan 28",8:00 AM,6:00 PM,10.0,0.0,""
"Tue, Jan 29",8:00 AM,6:00 PM,10.0,0.0,""
"Wed, Jan 30",8:00 AM,6:00 PM,10.0,0.0,""
"Thu, Jan 31",8:00 AM,5:30 PM,9.5,0.0,""
"Fri, Feb 1",8:00 AM,5:00 PM,9.0,0.0,""
"Mon, Feb 4",8:00 AM,6:00 PM,10.0,0.0,""
"Tue, Feb 5",8:00 AM,5:30 PM,9.5,0.0,""
"Wed, Feb 6",8:00 AM,5:00 PM,9.0,0.0,""
"Thu, Feb 7",7:00 AM,4:30 PM,9.5,0.0,""
"Fri, Feb 8",8:00 AM,5:00 PM,9.0,0.0,""
"Mon, Feb 11",8:00 AM,6:00 PM,10.0,0.0,""
"Tue, Feb 12",8:00 AM,5:30 PM,9.5,0.0,""
"Wed, Feb 13",8:00 AM,5:00 PM,9.0,0.0,""
"Thu, Feb 14",7:00 AM,5:30 PM,10.5,0.0,""
"Fri, Feb 15",8:00 AM,5:30 PM,9.5,0.0,""
"Mon, Feb 18",8:00 AM,2:00 PM,6.0,0.0,""
"Tue, Feb 19",8:00 AM,4:30 PM,8.5,0.0,""
"Wed, Feb 20",8:00 AM,6:00 PM,10.0,0.0,""
"Mon, Feb 25",8:00 AM,6:30 PM,10.5,0.0,""
"Tue, Feb 26",8:00 AM,5:30 PM,9.5,0.0,""
"Wed, Feb 27",8:00 AM,5:00 PM,9.0,0.0,""
"Thu, Feb 28",8:00 AM,5:00 PM,9.0,0.0,""
"Fri, Mar 1",8:00 AM,5:30 PM,9.5,0.0,""
"Mon, Mar 4",8:00 AM,6:00 PM,10.0,0.0,""
"Tue, Mar 5",8:00 AM,6:00 PM,10.0,0.0,""
"Wed, Mar 6",8:00 AM,7:00 PM,11.0,0.0,""
"Thu, Mar 7",8:00 AM,6:00 PM,10.0,0.0,""
"Fri, Mar 8",8:00 AM,5:00 PM,9.0,0.0,""
"Mon, Mar 11",8:00 AM,5:00 PM,9.0,0.0,""
"Tue, Mar 12",8:00 AM,5:00 PM,9.0,0.0,""
"Wed, Mar 13",8:00 AM,6:00 PM,10.0,0.0,""
"Thu, Mar 14",8:00 AM,4:30 PM,8.5,0.0,""
"Fri, Mar 15",8:00 AM,8:00 PM,12.0,0.0,""
"Mon, Mar 18",8:00 AM,4:30 PM,8.5,0.0,""
"Tue, Mar 19",8:00 AM,5:00 PM,9.0,0.0,""
"Wed, Mar 20",8:00 AM,4:00 PM,8.0,0.0,""
"Thu, Mar 21",8:00 AM,7:30 PM,11.5,0.0,""
"Fri, Mar 22",8:00 AM,3:00 PM,7.0,0.0,""
"Mon, Mar 25",8:00 AM,6:00 PM,10.0,0.0,""
"Tue, Mar 26",8:00 AM,6:00 PM,10.0,0.0,""
"Wed, Mar 27",8:00 AM,5:00 PM,9.0,0.0,""
"Thu, Mar 28",8:00 AM,5:30 PM,9.5,0.0,""
"Fri, Mar 29",10:00 AM,5:00 PM,7.0,0.0,""
"Mon, Apr 1",8:00 AM,6:00 PM,10.0,0.0,""
"Tue, Apr 2",8:00 AM,6:00 PM,10.0,0.0,""
"Wed, Apr 3",8:00 AM,5:30 PM,9.5,0.0,""
"Fri, Apr 5",8:00 AM,6:00 PM,10.0,0.0,""
"Mon, Apr 8",8:00 AM,7:00 PM,11.0,0.0,""
"Tue, Apr 9",8:00 AM,6:30 PM,10.5,0.0,""
"Wed, Apr 10",8:00 AM,5:30 PM,9.5,0.0,""
"Thu, Apr 11",8:00 AM,7:00 PM,11.0,0.0,""
"Fri, Apr 12",8:00 AM,6:30 PM,10.5,0.0,""
"Mon, Apr 15",8:00 AM,6:30 PM,10.5,0.0,""
"Tue, Apr 16",8:00 AM,7:00 PM,11.0,0.0,""
"Wed, Apr 17",8:00 AM,6:30 PM,10.5,0.0,""
"Thu, Apr 18",8:00 AM,6:00 PM,10.0,0.0,""
"Fri, Apr 19",7:30 AM,4:30 PM,9.0,0.0,""
"Mon, Apr 22",8:00 AM,5:30 PM,9.5,0.0,""
"Tue, Apr 23",8:00 AM,5:00 PM,9.0,0.0,""
"Wed, Apr 24",8:00 AM,7:00 PM,11.0,0.0,""
"Thu, Apr 25",8:00 AM,6:00 PM,10.0,0.0,""
"Fri, Apr 26",8:00 AM,4:30 PM,8.5,0.0,""
"Mon, Apr 29",8:00 AM,6:00 PM,10.0,0.0,""
"Tue, Apr 30",8:00 AM,6:30 PM,10.5,0.0,""
"Wed, May 1",8:00 AM,6:00 PM,10.0,0.0,""
"Thu, May 2",8:00 AM,4:30 PM,8.5,0.0,""
"Fri, May 3",8:00 AM,6:00 PM,10.0,0.0,""
"Mon, May 6",8:00 AM,4:00 PM,8.0,0.0,""
"Tue, May 7",8:00 AM,5:30 PM,9.5,0.0,""
"Wed, May 8",8:00 AM,6:00 PM,10.0,0.0,""
"Thu, May 9",8:00 AM,5:30 PM,9.5,0.0,""
"Fri, May 10",8:00 AM,5:30 PM,9.5,0.0,""
"Mon, May 13",8:00 AM,7:00 PM,11.0,0.0,""
"Tue, May 14",8:00 AM,6:00 PM,10.0,0.0,""
"Wed, May 15",8:00 AM,5:30 PM,9.5,0.0,""
"Thu, May 16",8:00 AM,5:30 PM,9.5,0.0,""
"Fri, May 17",8:00 AM,4:30 PM,8.5,0.0,""
"Mon, May 20",8:00 AM,8:30 PM,12.5,0.0,""
"Tue, May 21",8:00 AM,9:00 PM,13.0,0.0,""
"Wed, May 22",8:00 AM,6:30 PM,10.5,0.0,""
"Thu, May 23",8:00 AM,7:30 PM,11.5,0.0,""
"Fri, May 24",8:00 AM,5:30 PM,9.5,0.0,""
"Mon, May 27",8:00 AM,6:00 PM,10.0,0.0,""
"Tue, May 28",8:00 AM,6:00 PM,10.0,0.0,""
"Wed, May 29",8:00 AM,6:30 PM,10.5,0.0,""
"Thu, May 30",8:00 AM,6:00 PM,10.0,0.0,""
"Fri, May 31",8:00 AM,7:00 PM,11.0,0.0,""
"Mon, Jun 3",8:00 AM,7:00 PM,11.0,0.0,""
"Tue, Jun 4",8:00 AM,6:30 PM,10.5,0.0,""
"Wed, Jun 5",8:00 AM,7:00 PM,11.0,0.0,""
"Thu, Jun 6",8:00 AM,7:30 PM,11.5,0.0,""
"Fri, Jun 7",7:00 AM,9:00 PM,14.0,0.0,""
"Mon, Jun 10",8:00 AM,6:00 PM,10.0,0.0,""
"Tue, Jun 11",8:00 AM,5:30 PM,9.5,0.0,""
"Wed, Jun 12",8:00 AM,6:00 PM,10.0,0.0,""
"Thu, Jun 13",8:00 AM,7:30 PM,11.5,0.0,""
"Fri, Jun 14",8:00 AM,6:00 PM,10.0,0.0,""
"Sat, Jun 15",9:00 AM,1:00 PM,4.0,0.0,""
"Mon, Jun 17",8:00 AM,6:30 PM,10.5,0.0,""
"Tue, Jun 18",8:00 AM,7:30 PM,11.5,0.0,""
"Wed, Jun 19",8:00 AM,7:30 PM,11.5,0.0,""
"Thu, Jun 20",8:00 AM,6:30 PM,10.5,0.0,""
"Fri, Jun 21",8:00 AM,5:00 PM,9.0,0.0,""
"Mon, Jun 24",8:00 AM,5:30 PM,9.5,0.0,""
"Tue, Jun 25",8:00 AM,8:30 PM,12.5,0.0,""
"Wed, Jun 26",8:00 AM,7:00 PM,11.0,0.0,""
"Thu, Jun 27",8:00 AM,8:00 PM,12.0,0.0,""
"Fri, Jun 28",8:00 AM,6:00 PM,10.0,0.0,""
"Mon, Jul 1",8:00 AM,6:30 PM,10.5,0.0,""
"Tue, Jul 2",8:00 AM,8:30 PM,12.5,0.0,""
"Wed, Jul 3",8:00 AM,9:00 PM,13.0,0.0,""
"Fri, Jul 5",8:00 AM,6:00 PM,10.0,0.0,""
"Mon, Jul 8",8:00 AM,6:00 PM,10.0,0.0,""
"Tue, Jul 9",8:00 AM,8:00 PM,12.0,0.0,""
"Wed, Jul 10",8:00 AM,6:30 PM,10.5,0.0,""
"Thu, Jul 11",8:00 AM,5:30 PM,9.5,0.0,""
"Fri, Jul 12",8:00 AM,6:30 PM,10.5,0.0,""
"Mon, Jul 15",8:00 AM,6:00 PM,10.0,0.0,""
"Tue, Jul 16",8:00 AM,7:00 PM,11.0,0.0,""
"Wed, Jul 17",8:00 AM,6:30 PM,10.5,0.0,""
"Thu, Jul 18",8:00 AM,7:00 PM,11.0,0.0,""
"Fri, Jul 19",8:00 AM,6:00 PM,10.0,0.0,""
"Mon, Jul 22",8:00 AM,6:30 PM,10.5,0.0,""
"Tue, Jul 23",8:00 AM,6:00 PM,10.0,0.0,""
"Wed, Jul 24",8:00 AM,7:00 PM,11.0,0.0,""
"Thu, Jul 25",8:00 AM,6:30 PM,10.5,0.0,""
"Fri, Jul 26",8:00 AM,5:30 PM,9.5,0.0,""
"Mon, Jul 29",8:00 AM,6:30 PM,10.5,0.0,""
"Tue, Jul 30",8:00 AM,6:00 PM,10.0,0.0,""
"Wed, Jul 31",8:00 AM,6:30 PM,10.5,0.0,""
"Thu, Aug 1",8:00 AM,6:30 PM,10.5,0.0,""
"Fri, Aug 2",8:00 AM,6:00 PM,10.0,0.0,""
"Mon, Aug 5",8:00 AM,6:00 PM,10.0,0.0,""
"Tue, Aug 6",8:00 AM,6:30 PM,10.5,0.0,""
"Wed, Aug 7",7:00 AM,7:00 PM,12.0,0.0,""
"Thu, Aug 8",8:00 AM,6:00 PM,10.0,0.0,""
"Fri, Aug 9",8:00 AM,7:30 PM,11.5,0.0,""
"Mon, Aug 12",8:00 AM,6:30 PM,10.5,0.0,""
"Tue, Aug 13",8:00 AM,5:00 PM,9.0,0.0,""
"Wed, Aug 14",8:00 AM,7:00 PM,11.0,0.0,""
"Thu, Aug 15",8:00 AM,6:00 PM,10.0,0.0,""
"Fri, Aug 16",8:00 AM,5:30 PM,9.5,0.0,""
"Mon, Aug 19",8:00 AM,6:30 PM,10.5,0.0,""
"Tue, Aug 20",8:00 AM,6:00 PM,10.0,0.0,""
"Wed, Aug 21",8:00 AM,7:00 PM,11.0,0.0,""
"Thu, Aug 22",8:00 AM,7:00 PM,11.0,0.0,""
"Fri, Aug 23",8:00 AM,6:00 PM,10.0,0.0,""
"Mon, Aug 26",8:00 AM,6:30 PM,10.5,0.0,""
"Tue, Aug 27",8:00 AM,7:00 PM,11.0,0.0,""
"Wed, Aug 28",8:00 AM,7:30 PM,11.5,0.0,""
"Thu, Aug 29",8:00 AM,6:30 PM,10.5,0.0,""
"Fri, Aug 30",8:00 AM,7:00 PM,11.0,0.0,""
"Mon, Sep 2",8:00 AM,7:00 PM,11.0,0.0,""
"Tue, Sep 3",8:00 AM,7:30 PM,11.5,0.0,""
"Wed, Sep 4",8:00 AM,6:30 PM,10.5,0.0,""
"Thu, Sep 5",8:00 AM,7:00 PM,11.0,0.0,""
"Tue, Sep 10",8:00 AM,7:00 PM,11.0,0.0,""
"Wed, Sep 11",7:30 AM,5:30 PM,10.0,0.0,""
"Thu, Sep 12",8:00 AM,5:00 PM,9.0,0.0,""
"Fri, Sep 13",8:00 AM,6:30 PM,10.5,0.0,""
"Mon, Sep 16",8:00 AM,7:00 PM,11.0,0.0,""
"Tue, Sep 17",8:00 AM,6:30 PM,10.5,0.0,""
"Wed, Sep 18",8:00 AM,3:00 PM,7.0,0.0,""
"Thu, Sep 19",8:00 AM,8:00 PM,12.0,0.0,""
"Fri, Sep 20",8:00 AM,4:30 PM,8.5,0.0,""
"Mon, Sep 23",8:00 AM,4:30 PM,8.5,0.0,""
"Tue, Sep 24",8:00 AM,5:30 PM,9.5,0.0,""
"Wed, Sep 25",8:00 AM,7:30 PM,11.5,0.0,""
"Thu, Sep 26",7:30 AM,6:30 PM,11.0,0.0,""
"Fri, Sep 27",8:00 AM,5:30 PM,9.5,0.0,""
"Mon, Sep 30",8:00 AM,6:00 PM,10.0,0.0,""
"Tue, Oct 1",8:00 AM,6:30 PM,10.5,0.0,""
"Wed, Oct 2",8:00 AM,4:30 PM,8.5,0.0,""
"Thu, Oct 3",8:00 AM,5:00 PM,9.0,0.0,""
"Fri, Oct 4",8:00 AM,6:00 PM,10.0,0.0,""
"Mon, Oct 7",8:00 AM,5:00 PM,9.0,0.0,""
"Tue, Oct 8",8:00 AM,6:00 PM,10.0,0.0,""
"Wed, Oct 9",8:00 AM,5:00 PM,9.0,0.0,""
"Thu, Oct 10",8:00 AM,6:00 PM,10.0,0.0,""
"Fri, Oct 11",8:00 AM,7:30 PM,11.5,0.0,""
"Mon, Oct 14",8:00 AM,1:30 PM,5.5,0.0,""
"Tue, Oct 15",8:00 AM,5:00 PM,9.0,0.0,""
"Wed, Oct 16",8:00 AM,7:00 PM,11.0,0.0,""
"Thu, Oct 17",8:00 AM,6:00 PM,10.0,0.0,""
"Fri, Oct 18",8:00 AM,5:30 PM,9.5,0.0,""
"Mon, Oct 21",8:00 AM,6:00 PM,10.0,0.0,""
"Tue, Oct 22",8:00 AM,7:00 PM,11.0,0.0,""
"Wed, Oct 23",8:00 AM,7:00 PM,11.0,0.0,""
"Thu, Oct 24",8:00 AM,1:00 PM,5.0,0.0,""
"Fri, Oct 25",8:00 AM,5:00 PM,9.0,0.0,""
"Mon, Oct 28",8:00 AM,6:30 PM,10.5,0.0,""
"Tue, Oct 29",8:00 AM,5:30 PM,9.5,0.0,""
"Wed, Oct 30",8:30 AM,6:00 PM,9.5,0.0,""
"Thu, Oct 31",8:00 AM,6:00 PM,10.0,0.0,""
"Fri, Nov 1",8:00 AM,5:30 PM,9.5,0.0,""
"Mon, Nov 4",8:00 AM,6:00 PM,10.0,0.0,""
"Tue, Nov 5",8:00 AM,5:30 PM,9.5,0.0,""
"Thu, Nov 7",8:00 AM,5:30 PM,9.5,0.0,""
"Fri, Nov 8",8:00 AM,6:00 PM,10.0,0.0,""
"Mon, Nov 11",8:00 AM,7:00 PM,11.0,0.0,""
"Tue, Nov 12",8:00 AM,5:00 PM,9.0,0.0,""
"Wed, Nov 13",8:00 AM,5:00 PM,9.0,0.0,""
"Thu, Nov 14",8:00 AM,4:30 PM,8.5,0.0,""
"Fri, Nov 15",8:00 AM,5:00 PM,9.0,0.0,""
"Mon, Nov 18",8:00 AM,5:30 PM,9.5,0.0,""
"Tue, Nov 19",8:00 AM,1:30 PM,5.5,0.0,""
"Wed, Nov 20",8:00 AM,5:00 PM,9.0,0.0,""
"Thu, Nov 21",8:00 AM,1:30 PM,5.5,0.0,""
"Fri, Nov 22",8:00 AM,5:30 PM,9.5,0.0,""
"Mon, Nov 25",8:00 AM,5:00 PM,9.0,0.0,""
"Tue, Nov 26",8:00 AM,5:30 PM,9.5,0.0,""
"Wed, Nov 27",8:00 AM,6:00 PM,10.0,0.0,""
"Thu, Nov 28",8:00 AM,5:00 PM,9.0,0.0,""
"Fri, Nov 29",8:00 AM,5:30 PM,9.5,0.0,""
"Mon, Dec 2",8:00 AM,6:00 PM,10.0,0.0,""
"Tue, Dec 3",8:00 AM,6:00 PM,10.0,0.0,""
"Wed, Dec 4",8:00 AM,5:30 PM,9.5,0.0,""
"Thu, Dec 5",8:00 AM,5:30 PM,9.5,0.0,""
"Fri, Dec 6",8:00 AM,5:30 PM,9.5,0.0,""
"Mon, Dec 9",8:00 AM,6:00 PM,10.0,0.0,""
"Tue, Dec 10",8:00 AM,5:30 PM,9.5,0.0,""
"Wed, Dec 11",8:00 AM,6:30 PM,10.5,0.0,""
"Thu, Dec 12",8:00 AM,6:00 PM,10.0,0.0,""
"Fri, Dec 13",8:00 AM,5:30 PM,9.5,0.0,""
"Mon, Dec 16",8:00 AM,6:00 PM,10.0,0.0,""
"Tue, Dec 17",8:00 AM,5:30 PM,9.5,0.0,""
"Wed, Dec 18",8:00 AM,6:00 PM,10.0,0.0,""
"Thu, Dec 19",8:00 AM,5:30 PM,9.5,0.0,""
"Fri, Dec 20",8:00 AM,6:30 PM,10.5,0.0,""
"Mon, Dec 23",8:00 AM,5:00 PM,9.0,0.0,""
"Tue, Dec 24",8:00 AM,1:30 PM,5.5,0.0,""
"Thu, Dec 26",8:00 AM,2:30 PM,6.5,0.0,""
"Fri, Dec 27",8:00 AM,4:00 PM,8.0,0.0,""
"Mon, Dec 30",8:00 AM,5:00 PM,9.0,0.0,""
"Tue, Dec 31",8:00 AM,4:00 PM,8.0,0.0,""
"Thu, Jan 2",8:00 AM,4:30 PM,8.5,0.0,""
"Fri, Jan 3",8:00 AM,6:00 PM,10.0,0.0,""
"Mon, Jan 6",8:00 AM,6:30 PM,10.5,0.0,""
"Tue, Jan 7",8:00 AM,4:30 PM,8.5,0.0,""
"Wed, Jan 8",8:00 AM,6:30 PM,10.5,0.0,""
"Thu, Jan 9",8:00 AM,4:30 PM,8.5,0.0,""
"Fri, Jan 10",8:00 AM,5:30 PM,9.5,0.0,""
"Mon, Jan 13",8:00 AM,7:00 PM,11.0,0.0,""
"Tue, Jan 14",8:00 AM,6:30 PM,10.5,0.0,""
"Wed, Jan 15",8:00 AM,6:30 PM,10.5,0.0,""
"Thu, Jan 16",8:00 AM,6:30 PM,10.5,0.0,""
"Fri, Jan 17",8:00 AM,10:00 AM,2.0,0.0,""
"Wed, Jan 22",8:00 AM,6:30 PM,10.5,0.0,""
"Thu, Jan 23",8:00 AM,6:30 PM,10.5,0.0,""
"Fri, Jan 24",8:00 AM,7:00 PM,11.0,0.0,""
"Sat, Jan 25",8:00 AM,6:00 PM,10.0,0.0,""
"Mon, Jan 27",8:00 AM,6:30 PM,10.5,0.0,""
"Tue, Jan 28",8:00 AM,7:00 PM,11.0,0.0,""
"Wed, Jan 29",8:00 AM,7:00 PM,11.0,0.0,""
"Thu, Jan 30",8:00 AM,6:30 PM,10.5,0.0,""
"Fri, Jan 31",8:00 AM,6:00 PM,10.0,0.0,""
"Mon, Feb 3",8:00 AM,6:30 PM,10.5,0.0,""
"Tue, Feb 4",8:00 AM,6:00 PM,10.0,0.0,""
"Wed, Feb 5",8:00 AM,7:00 PM,11.0,0.0,""
"Thu, Feb 6",8:00 AM,5:00 PM,9.0,0.0,""
"Fri, Feb 7",8:00 AM,6:00 PM,10.0,0.0,""
"Mon, Feb 10",8:00 AM,7:00 PM,11.0,0.0,""
"Tue, Feb 11",8:00 AM,6:30 PM,10.5,0.0,""
"Wed, Feb 12",8:00 AM,1:30 PM,5.5,0.0,""
"Thu, Feb 13",8:00 AM,6:30 PM,10.5,0.0,""
"Sat, Feb 15",8:00 AM,6:30 PM,10.5,0.0,""
"Sat, Feb 15",8:00 AM,2:00 PM,6.0,0.0,""
"Mon, Feb 17",8:00 AM,5:00 PM,9.0,0.0,""
"Tue, Feb 18",8:00 AM,6:00 PM,10.0,0.0,""
"Wed, Feb 19",2:30 PM,5:30 PM,3.0,0.0,""
"Thu, Feb 20",8:00 AM,6:00 PM,10.0,0.0,""
"Mon, Feb 24",8:00 AM,6:30 PM,10.5,0.0,""
"Tue, Feb 25",8:00 AM,6:30 PM,10.5,0.0,""
"Wed, Feb 26",8:00 AM,5:30 PM,9.5,0.0,""
"Thu, Feb 27",8:00 AM,6:30 PM,10.5,0.0,""
"Fri, Feb 28",8:00 AM,5:30 PM,9.5,0.0,""
"Mon, Mar 2",8:00 AM,6:30 PM,10.5,0.0,""
"Tue, Mar 3",8:00 AM,6:30 PM,10.5,0.0,""
"Wed, Mar 4",8:00 AM,5:30 PM,9.5,0.0,""
"Thu, Mar 5",8:00 AM,6:00 PM,10.0,0.0,""
"Fri, Mar 6",8:00 AM,6:30 PM,10.5,0.0,""
"Mon, Mar 9",8:00 AM,7:00 PM,11.0,0.0,""
"Tue, Mar 10",8:00 AM,6:00 PM,10.0,0.0,""
"Wed, Mar 11",8:00 AM,6:30 PM,10.5,0.0,""
"Thu, Mar 12",8:00 AM,7:30 PM,11.5,0.0,""
"Fri, Mar 13",7:00 AM,5:30 PM,10.5,0.0,""
"Mon, Mar 16",8:00 AM,7:00 PM,11.0,0.0,""
"Tue, Mar 17",8:00 AM,6:30 PM,10.5,0.0,""
"Wed, Mar 18",8:00 AM,7:30 PM,11.5,0.0,""
"Thu, Mar 19",8:00 AM,6:00 PM,10.0,0.0,""
"Fri, Mar 20",8:00 AM,6:00 PM,10.0,0.0,""
"Mon, Mar 23",9:30 AM,6:00 PM,8.5,0.0,""
"Tue, Mar 24",8:00 AM,7:00 PM,11.0,0.0,""
"Wed, Mar 25",8:00 AM,6:30 PM,10.5,0.0,""
"Thu, Mar 26",8:00 AM,7:00 PM,11.0,0.0,""
"Fri, Mar 27",8:00 AM,7:30 PM,11.5,0.0,""
"Mon, Mar 30",8:00 AM,7:00 PM,11.0,0.0,""
"Tue, Mar 31",8:00 AM,7:00 PM,11.0,0.0,""
"Wed, Apr 1",8:00 AM,7:00 PM,11.0,0.0,""
"Thu, Apr 2",8:00 AM,6:30 PM,10.5,0.0,""
"Fri, Apr 3",8:00 AM,6:30 PM,10.5,0.0,""
"Mon, Apr 6",8:00 AM,6:00 PM,10.0,0.0,""
"Tue, Apr 7",8:00 AM,6:30 PM,10.5,0.0,""
"Wed, Apr 8",8:00 AM,6:30 PM,10.5,0.0,""
"Thu, Apr 9",8:00 AM,6:30 PM,10.5,0.0,""
"Fri, Apr 10",8:00 AM,6:00 PM,10.0,0.0,""
"Mon, Apr 13",8:00 AM,7:00 PM,11.0,0.0,""
"Tue, Apr 14",8:00 AM,6:00 PM,10.0,0.0,""
"Wed, Apr 15",8:00 AM,8:30 PM,12.5,0.0,""
"Thu, Apr 16",8:00 AM,6:00 PM,10.0,0.0,""
"Fri, Apr 17",8:00 AM,5:30 PM,9.5,0.0,""
"Mon, Apr 20",8:00 AM,6:30 PM,10.5,0.0,""
"Tue, Apr 21",8:00 AM,6:00 PM,10.0,0.0,""
"Wed, Apr 22",8:00 AM,6:00 PM,10.0,0.0,""
"Thu, Apr 23",8:00 AM,6:00 PM,10.0,0.0,""
"Fri, Apr 24",8:00 AM,4:30 PM,8.5,0.0,""
"Mon, Apr 27",8:00 AM,6:00 PM,10.0,0.0,""
"Tue, Apr 28",8:00 AM,7:00 PM,11.0,0.0,""
"Wed, Apr 29",8:00 AM,6:00 PM,10.0,0.0,""
"Thu, Apr 30",8:00 AM,6:30 PM,10.5,0.0,""
"Fri, May 1",8:00 AM,6:30 PM,10.5,0.0,""
"Mon, May 4",8:00 AM,6:00 PM,10.0,0.0,""
"Tue, May 5",8:00 AM,6:00 PM,10.0,0.0,""
"Wed, May 6",8:00 AM,6:00 PM,10.0,0.0,""
"Thu, May 7",8:00 AM,8:30 PM,12.5,0.0,""
"Fri, May 8",8:00 AM,8:30 PM,12.5,0.0,""
"Mon, May 11",8:00 AM,6:00 PM,10.0,0.0,""
"Tue, May 12",8:00 AM,6:00 PM,10.0,0.0,""
"Wed, May 13",8:00 AM,6:30 PM,10.5,0.0,""
"Thu, May 14",8:00 AM,8:30 PM,12.5,0.0,""
"Fri, May 15",8:00 AM,6:30 PM,10.5,0.0,""
"Mon, May 18",8:00 AM,6:30 PM,10.5,0.0,""
"Tue, May 19",8:00 AM,7:30 PM,11.5,0.0,""
"Wed, May 20",8:00 AM,7:30 PM,11.5,0.0,""
"Thu, May 21",8:00 AM,7:00 PM,11.0,0.0,""
"Fri, May 22",8:00 AM,5:30 PM,9.5,0.0,""
"Mon, May 25",8:00 AM,6:00 PM,10.0,0.0,""
"Tue, May 26",8:00 AM,5:30 PM,9.5,0.0,""
"Wed, May 27",8:00 AM,5:00 PM,9.0,0.0,""
"Thu, May 28",8:00 AM,8:00 PM,12.0,0.0,""
"Fri, May 29",8:00 AM,7:30 PM,11.5,0.0,""
"Mon, Jun 1",8:00 AM,6:30 PM,10.5,0.0,""
"Tue, Jun 2",8:00 AM,6:00 PM,10.0,0.0,""
"Wed, Jun 3",8:00 AM,6:30 PM,10.5,0.0,""
"Thu, Jun 4",8:00 AM,6:30 PM,10.5,0.0,""
"Fri, Jun 5",8:00 AM,6:00 PM,10.0,0.0,""
"Mon, Jun 8",8:00 AM,6:30 PM,10.5,0.0,""
"Tue, Jun 9",8:00 AM,6:30 PM,10.5,0.0,""
"Wed, Jun 10",8:00 AM,6:30 PM,10.5,0.0,""
"Thu, Jun 11",8:00 AM,6:30 PM,10.5,0.0,""
"Fri, Jun 12",8:00 AM,5:30 PM,9.5,0.0,""
"Mon, Jun 15",8:00 AM,6:30 PM,10.5,0.0,""
"Tue, Jun 16",8:30 AM,8:30 PM,12.0,0.0,""
"Wed, Jun 17",8:00 AM,7:30 PM,11.5,0.0,""
"Thu, Jun 18",8:00 AM,6:30 PM,10.5,0.0,""
"Fri, Jun 19",8:00 AM,6:00 PM,10.0,0.0,""
"Mon, Jun 22",8:00 AM,6:00 PM,10.0,0.0,""
"Tue, Jun 23",8:00 AM,6:30 PM,10.5,0.0,""
"Wed, Jun 24",8:00 AM,6:00 PM,10.0,0.0,""
"Thu, Jun 25",8:00 AM,6:30 PM,10.5,0.0,""
"Fri, Jun 26",8:00 AM,6:30 PM,10.5,0.0,""
"Mon, Jun 29",8:00 AM,6:00 PM,10.0,0.0,""
"Tue, Jun 30",8:00 AM,6:00 PM,10.0,0.0,""
"Wed, Jul 1",8:00 AM,7:00 PM,11.0,0.0,""
"Thu, Jul 2",8:00 AM,6:30 PM,10.5,0.0,""
"Fri, Jul 3",8:00 AM,6:00 PM,10.0,0.0,""
"Mon, Jul 6",8:00 AM,6:30 PM,10.5,0.0,""
"Tue, Jul 7",8:00 AM,7:30 PM,11.5,0.0,""
"Wed, Jul 8",8:00 AM,6:30 PM,10.5,0.0,""
"Thu, Jul 9",8:00 AM,6:00 PM,10.0,0.0,""
"Fri, Jul 10",8:00 AM,5:30 PM,9.5,0.0,""
"Mon, Jul 13",8:00 AM,7:00 PM,11.0,0.0,""
"Tue, Jul 14",8:00 AM,6:00 PM,10.0,0.0,""
"Wed, Jul 15",8:00 AM,6:30 PM,10.5,0.0,""
"Thu, Jul 16",8:00 AM,6:30 PM,10.5,0.0,""
"Fri, Jul 17",8:00 AM,6:30 PM,10.5,0.0,""
"Sat, Jul 18",8:00 AM,3:30 PM,7.5,0.0,""
"Mon, Jul 20",8:00 AM,6:30 PM,10.5,0.0,""
"Tue, Jul 21",8:00 AM,6:30 PM,10.5,0.0,""
"Wed, Jul 22",8:00 AM,6:30 PM,10.5,0.0,""
"Thu, Jul 23",8:00 AM,6:00 PM,10.0,0.0,""
"Fri, Jul 24",8:00 AM,6:00 PM,10.0,0.0,""
"Mon, Jul 27",8:00 AM,6:00 PM,10.0,0.0,""
"Tue, Jul 28",8:00 AM,6:00 PM,10.0,0.0,""
"Wed, Jul 29",8:00 AM,6:00 PM,10.0,0.0,""
"Thu, Jul 30",8:00 AM,6:00 PM,10.0,0.0,""
"Fri, Jul 31",8:00 AM,7:00 PM,11.0,0.0,""
"Sat, Aug 1",6:00 PM,7:30 PM,1.5,0.0,""
"Mon, Aug 3",8:00 AM,6:30 PM,10.5,0.0,""
"Tue, Aug 4",8:00 AM,6:30 PM,10.5,0.0,""
"Wed, Aug 5",8:00 AM,5:30 PM,9.5,0.0,""
"Thu, Aug 6",8:00 AM,7:00 PM,11.0,0.0,""
"Fri, Aug 7",8:00 AM,6:30 PM,10.5,0.0,""
"Mon, Aug 10",8:00 AM,6:30 PM,10.5,0.0,""
"Tue, Aug 11",8:00 AM,6:30 PM,10.5,0.0,""
"Wed, Aug 12",8:00 AM,6:00 PM,10.0,0.0,""
"Thu, Aug 13",8:00 AM,6:30 PM,10.5,0.0,""
"Fri, Aug 14",8:00 AM,6:30 PM,10.5,0.0,""
"Mon, Aug 17",8:00 AM,8:00 PM,12.0,0.0,""
"Tue, Aug 18",8:00 AM,6:30 PM,10.5,0.0,""
"Fri, Aug 21",8:00 AM,6:30 PM,10.5,0.0,""
"Sat, Aug 22",7:30 PM,8:30 PM,1.0,0.0,""
"Mon, Aug 24",8:00 AM,8:30 PM,12.5,0.0,""
"Tue, Aug 25",8:00 AM,6:00 PM,10.0,0.0,""
"Wed, Aug 26",8:00 AM,5:30 PM,9.5,0.0,""
"Thu, Aug 27",8:00 AM,6:00 PM,10.0,0.0,""
"Fri, Aug 28",8:00 AM,6:30 PM,10.5,0.0,""
"Mon, Aug 31",8:00 AM,6:30 PM,10.5,0.0,""
"Tue, Sep 1",8:00 AM,6:00 PM,10.0,0.0,""
"Wed, Sep 2",8:00 AM,7:30 PM,11.5,0.0,""
"Thu, Sep 3",8:00 AM,6:00 PM,10.0,0.0,""
"Fri, Sep 4",8:00 AM,6:00 PM,10.0,0.0,""
"Sat, Sep 5",9:30 AM,12:30 PM,3.0,0.0,""
"Mon, Sep 7",8:00 AM,6:00 PM,10.0,0.0,""
"Tue, Sep 8",8:00 AM,6:30 PM,10.5,0.0,""
"Wed, Sep 9",8:00 AM,6:00 PM,10.0,0.0,""
"Thu, Sep 10",8:00 AM,6:00 PM,10.0,0.0,""
"Fri, Sep 11",8:00 AM,6:00 PM,10.0,0.0,""
"Mon, Sep 14",8:00 AM,10:30 PM,14.5,0.0,""
"Tue, Sep 15",8:00 AM,6:00 PM,10.0,0.0,""
"Wed, Sep 16",8:00 AM,7:30 PM,11.5,0.0,""
"Thu, Sep 17",8:00 AM,8:30 PM,12.5,0.0,""
"Fri, Sep 18",8:00 AM,6:30 PM,10.5,0.0,""
"Mon, Sep 21",8:00 AM,6:00 PM,10.0,0.0,""
"Tue, Sep 22",8:00 AM,6:00 PM,10.0,0.0,""
"Wed, Sep 23",8:00 AM,6:30 PM,10.5,0.0,""
"Thu, Sep 24",8:00 AM,6:00 PM,10.0,0.0,""
"Fri, Sep 25",8:00 AM,6:00 PM,10.0,0.0,""
"Sat, Sep 26",5:30 PM,8:00 PM,2.5,0.0,""
"Mon, Sep 28",8:00 AM,6:00 PM,10.0,0.0,""
"Tue, Sep 29",8:00 AM,7:00 PM,11.0,0.0,""
"Wed, Sep 30",8:00 AM,7:00 PM,11.0,0.0,""
"Thu, Oct 1",8:00 AM,5:30 PM,9.5,0.0,""
"Fri, Oct 2",8:00 AM,6:00 PM,10.0,0.0,""
"Sat, Oct 3",7:00 PM,9:00 PM,2.0,0.0,""
"Sun, Oct 4",6:00 PM,8:00 PM,2.0,0.0,""
"Mon, Oct 5",8:00 AM,8:00 PM,12.0,0.0,""
"Tue, Oct 6",8:00 AM,7:00 PM,11.0,0.0,""
"Wed, Oct 7",8:00 AM,7:00 PM,11.0,0.0,""
"Thu, Oct 8",8:00 AM,5:30 PM,9.5,0.0,""
"Fri, Oct 9",8:00 AM,6:00 PM,10.0,0.0,""
"Sat, Oct 10",11:00 AM,6:00 PM,7.0,0.0,""
"Mon, Oct 12",8:00 AM,6:30 PM,10.5,0.0,""
"Tue, Oct 13",8:00 AM,7:00 PM,11.0,0.0,""
"Wed, Oct 14",8:00 AM,6:00 PM,10.0,0.0,""
"Thu, Oct 15",8:00 AM,6:00 PM,10.0,0.0,""
"Fri, Oct 16",8:00 AM,5:30 PM,9.5,0.0,""
"Sat, Oct 17",4:00 PM,5:30 PM,1.5,0.0,""
"Mon, Oct 19",8:00 AM,6:00 PM,10.0,0.0,""
"Tue, Oct 20",8:00 AM,6:00 PM,10.0,0.0,""
"Wed, Oct 21",8:00 AM,6:00 PM,10.0,0.0,""
"Thu, Oct 22",8:00 AM,10:00 PM,14.0,0.0,""
"Fri, Oct 23",8:00 AM,6:30 PM,10.5,0.0,""
"Mon, Oct 26",8:00 AM,6:00 PM,10.0,0.0,""
"Tue, Oct 27",8:00 AM,6:00 PM,10.0,0.0,""
"Wed, Oct 28",8:00 AM,8:00 PM,12.0,0.0,""
"Thu, Oct 29",8:00 AM,6:00 PM,10.0,0.0,""
"Fri, Oct 30",8:00 AM,6:30 PM,10.5,0.0,""
"Mon, Nov 2",8:00 AM,6:00 PM,10.0,0.0,""
"Tue, Nov 3",8:00 AM,6:00 PM,10.0,0.0,""
"Wed, Nov 4",8:00 AM,6:30 PM,10.5,0.0,""
"Thu, Nov 5",8:00 AM,6:00 PM,10.0,0.0,""
"Fri, Nov 6",8:00 AM,6:00 PM,10.0,0.0,""
"Sun, Nov 8",5:00 PM,7:00 PM,2.0,0.0,""
"Mon, Nov 9",8:00 AM,6:00 PM,10.0,0.0,""
"Tue, Nov 10",8:00 AM,10:00 PM,14.0,0.0,""
"Wed, Nov 11",8:00 AM,8:30 PM,12.5,0.0,""
"Thu, Nov 12",8:00 AM,6:00 PM,10.0,0.0,""
"Fri, Nov 13",8:00 AM,5:30 PM,9.5,0.0,""
"Mon, Nov 16",8:00 AM,9:00 PM,13.0,0.0,""
"Tue, Nov 17",8:00 AM,8:00 PM,12.0,0.0,""
"Wed, Nov 18",8:00 AM,6:30 PM,10.5,0.0,""
"Thu, Nov 19",8:00 AM,6:00 PM,10.0,0.0,""
"Fri, Nov 20",8:00 AM,6:00 PM,10.0,0.0,""
"Sun, Nov 22",7:30 PM,8:00 PM,0.5,0.0,""
"Mon, Nov 23",8:00 AM,6:00 PM,10.0,0.0,""
"Tue, Nov 24",8:00 AM,6:00 PM,10.0,0.0,""
"Wed, Nov 25",8:00 AM,7:00 PM,11.0,0.0,""
"Thu, Nov 26",8:00 AM,6:00 PM,10.0,0.0,""
"Mon, Nov 30",8:00 AM,7:00 PM,11.0,0.0,""
"Tue, Dec 1",8:00 AM,6:00 PM,10.0,0.0,""
"Wed, Dec 2",8:00 AM,6:00 PM,10.0,0.0,""
"Thu, Dec 3",8:00 AM,6:00 PM,10.0,0.0,""
"Tue, Dec 8",8:00 AM,9:30 PM,13.5,0.0,""
"Wed, Dec 9",8:00 AM,6:00 PM,10.0,0.0,""
"Thu, Dec 10",8:00 AM,6:00 PM,10.0,0.0,""
"Fri, Dec 11",8:00 AM,6:00 PM,10.0,0.0,""
"Mon, Dec 14",8:00 AM,9:30 PM,13.5,0.0,""
"Tue, Dec 15",8:00 AM,6:30 PM,10.5,0.0,""
"Wed, Dec 16",8:00 AM,6:00 PM,10.0,0.0,""
"Thu, Dec 17",8:00 AM,6:30 PM,10.5,0.0,""
"Fri, Dec 18",8:00 AM,6:00 PM,10.0,0.0,""
"Sat, Dec 19",5:30 PM,8:30 PM,3.0,0.0,""
"Mon, Dec 21",8:00 AM,7:00 PM,11.0,0.0,""
"Tue, Dec 22",8:00 AM,8:00 PM,12.0,0.0,""
"Wed, Dec 23",8:00 AM,6:00 PM,10.0,0.0,""
"Thu, Dec 24",8:00 AM,6:00 PM,10.0,0.0,""
"Mon, Dec 28",8:00 AM,6:30 PM,10.5,0.0,""
"Tue, Dec 29",8:00 AM,7:30 PM,11.5,0.0,""
"Wed, Dec 30",8:00 AM,6:30 PM,10.5,0.0,""
"Thu, Dec 31",8:00 AM,6:00 PM,10.0,0.0,""
"Mon, Jan 4",8:00 AM,6:00 PM,10.0,0.0,""
"Tue, Jan 5",8:00 AM,6:00 PM,10.0,0.0,""
"Wed, Jan 6",8:00 AM,6:00 PM,10.0,0.0,""
"Thu, Jan 7",8:00 AM,6:30 PM,10.5,0.0,""
"Fri, Jan 8",8:00 AM,6:00 PM,10.0,0.0,""
"Mon, Jan 11",8:00 AM,6:00 PM,10.0,0.0,""
"Tue, Jan 12",8:00 AM,6:30 PM,10.5,0.0,""
"Wed, Jan 13",8:00 AM,7:30 PM,11.5,0.0,""
"Thu, Jan 14",8:00 AM,6:00 PM,10.0,0.0,""
"Fri, Jan 15",8:00 AM,6:30 PM,10.5,0.0,""
"Mon, Jan 18",8:00 AM,6:30 PM,10.5,0.0,""
"Tue, Jan 19",8:00 AM,6:30 PM,10.5,0.0,""
"Wed, Jan 20",8:00 AM,6:00 PM,10.0,0.0,""
"Thu, Jan 21",7:30 AM,7:00 PM,11.5,0.0,""
"Fri, Jan 22",8:00 AM,5:30 PM,9.5,0.0,""
"Mon, Jan 25",8:00 AM,6:30 PM,10.5,0.0,""
"Tue, Jan 26",8:00 AM,6:00 PM,10.0,0.0,""
"Wed, Jan 27",8:00 AM,6:30 PM,10.5,0.0,""
"Thu, Jan 28",8:00 AM,6:30 PM,10.5,0.0,""
"Fri, Jan 29",8:00 AM,6:00 PM,10.0,0.0,""
"Sun, Jan 31",1:30 PM,3:00 PM,1.5,0.0,""
"Mon, Feb 1",8:00 AM,8:00 PM,12.0,0.0,""
"Tue, Feb 2",8:00 AM,8:00 PM,12.0,0.0,""
"Wed, Feb 3",8:00 AM,6:00 PM,10.0,0.0,""
"Thu, Feb 4",8:00 AM,8:00 PM,12.0,0.0,""
"Fri, Feb 5",8:00 AM,6:00 PM,10.0,0.0,""
"Sat, Feb 6",1:00 PM,2:00 PM,1.0,0.0,""
"Mon, Feb 8",8:00 AM,6:00 PM,10.0,0.0,""
"Tue, Feb 9",8:00 AM,9:30 PM,13.5,0.0,""
"Wed, Feb 10",8:00 AM,7:00 PM,11.0,0.0,""
"Thu, Feb 11",8:00 AM,7:30 PM,11.5,0.0,""
"Fri, Feb 12",8:00 AM,8:00 PM,12.0,0.0,""
"Mon, Feb 15",8:00 AM,6:00 PM,10.0,0.0,""
"Tue, Feb 16",8:00 AM,6:30 PM,10.5,0.0,""
"Wed, Feb 17",8:00 AM,7:30 PM,11.5,0.0,""
"Thu, Feb 18",8:00 AM,8:30 PM,12.5,0.0,""
"Fri, Feb 19",8:00 AM,6:00 PM,10.0,0.0,""
"Sat, Feb 20",10:00 AM,1:00 PM,3.0,0.0,""
"Mon, Feb 22",8:00 AM,6:00 PM,10.0,0.0,""
"Tue, Feb 23",8:00 AM,7:00 PM,11.0,0.0,""
"Wed, Feb 24",8:00 AM,8:30 PM,12.5,0.0,""
"Thu, Feb 25",8:00 AM,7:00 PM,11.0,0.0,""
"Fri, Feb 26",8:00 AM,6:00 PM,10.0,0.0,""
"Sat, Feb 27",7:00 PM,8:30 PM,1.5,0.0,""
"Mon, Mar 1",8:00 AM,8:00 PM,12.0,0.0,""
"Tue, Mar 2",8:00 AM,7:30 PM,11.5,0.0,""
"Wed, Mar 3",8:00 AM,6:00 PM,10.0,0.0,""
"Thu, Mar 4",8:00 AM,8:00 PM,12.0,0.0,""
"Fri, Mar 5",8:00 AM,6:00 PM,10.0,0.0,""
"Sun, Mar 7",8:00 PM,9:00 PM,1.0,0.0,""
"Mon, Mar 8",8:00 AM,6:30 PM,10.5,0.0,""
"Tue, Mar 9",8:00 AM,7:00 PM,11.0,0.0,""
"Wed, Mar 10",8:00 AM,7:00 PM,11.0,0.0,""
"Thu, Mar 11",8:00 AM,6:00 PM,10.0,0.0,""
"Fri, Mar 12",8:00 AM,6:30 PM,10.5,0.0,""
"Sat, Mar 13",11:00 AM,12:30 PM,1.5,0.0,""
"Sun, Mar 14",12:00 PM,1:00 PM,1.0,0.0,""
"Mon, Mar 15",8:00 AM,6:00 PM,10.0,0.0,""
"Tue, Mar 16",8:00 AM,6:30 PM,10.5,0.0,""
"Wed, Mar 17",8:00 AM,9:00 PM,13.0,0.0,""
"Thu, Mar 18",8:00 AM,8:00 PM,12.0,0.0,""
"Sun, Mar 21",5:00 PM,6:00 PM,1.0,0.0,""
"Mon, Mar 22",8:00 AM,6:30 PM,10.5,0.0,""
"Tue, Mar 23",8:00 AM,8:00 PM,12.0,0.0,""
"Wed, Mar 24",8:00 AM,6:00 PM,10.0,0.0,""
"Thu, Mar 25",8:00 AM,9:30 PM,13.5,0.0,""
"Fri, Mar 26",8:00 AM,7:00 PM,11.0,0.0,""
"Sat, Mar 27",1:00 PM,2:00 PM,1.0,0.0,""
"Mon, Mar 29",8:00 AM,7:30 PM,11.5,0.0,""
"Tue, Mar 30",8:00 AM,7:00 PM,11.0,0.0,""
"Wed, Mar 31",8:00 AM,6:00 PM,10.0,0.0,""
"Thu, Apr 1",8:00 AM,6:00 PM,10.0,0.0,""
"Fri, Apr 2",8:00 AM,6:00 PM,10.0,0.0,""
"Sun, Apr 4",7:30 AM,9:00 AM,1.5,0.0,""
"Mon, Apr 5",8:00 AM,6:00 PM,10.0,0.0,""
"Tue, Apr 6",8:00 AM,6:30 PM,10.5,0.0,""
"Wed, Apr 7",8:00 AM,8:00 PM,12.0,0.0,""
"Thu, Apr 8",8:00 AM,5:30 PM,9.5,0.0,""
"Fri, Apr 9",8:00 AM,6:00 PM,10.0,0.0,""
"Mon, Apr 12",8:00 AM,6:30 PM,10.5,0.0,""
"Tue, Apr 13",8:00 AM,7:30 PM,11.5,0.0,""
"Wed, Apr 14",8:00 AM,5:30 PM,9.5,0.0,""
"Thu, Apr 15",8:00 AM,5:30 PM,9.5,0.0,""
"Fri, Apr 16",8:00 AM,6:00 PM,10.0,0.0,""
"Sun, Apr 18",4:00 PM,7:00 PM,3.0,0.0,""
"Mon, Apr 19",8:00 AM,8:30 PM,12.5,0.0,""
"Tue, Apr 20",8:00 AM,6:30 PM,10.5,0.0,""
"Wed, Apr 21",8:00 AM,7:00 PM,11.0,0.0,""
"Thu, Apr 22",8:00 AM,8:00 PM,12.0,0.0,""
"Fri, Apr 23",8:00 AM,6:00 PM,10.0,0.0,""
"Sat, Apr 24",6:00 PM,8:00 PM,2.0,0.0,""
"Mon, Apr 26",8:00 AM,7:00 PM,11.0,0.0,""
"Tue, Apr 27",8:00 AM,6:30 PM,10.5,0.0,""
"Wed, Apr 28",8:00 AM,6:00 PM,10.0,0.0,""
"Thu, Apr 29",8:00 AM,8:30 PM,12.5,0.0,""
"Fri, Apr 30",8:00 AM,7:00 PM,11.0,0.0,""
"Mon, May 3",8:00 AM,8:30 PM,12.5,0.0,""
"Tue, May 4",8:00 AM,6:00 PM,10.0,0.0,""
"Wed, May 5",8:00 AM,6:00 PM,10.0,0.0,""
"Thu, May 6",8:00 AM,6:30 PM,10.5,0.0,""
"Fri, May 7",8:00 AM,6:00 PM,10.0,0.0,""
"Mon, May 10",8:00 AM,8:00 PM,12.0,0.0,""
"Tue, May 11",8:00 AM,6:00 PM,10.0,0.0,""
"Wed, May 12",8:00 AM,6:30 PM,10.5,0.0,""
"Thu, May 13",8:00 AM,10:00 PM,14.0,0.0,""
"Fri, May 14",8:00 AM,6:00 PM,10.0,0.0,""
"Sun, May 16",4:00 PM,5:00 PM,1.0,0.0,""
"Mon, May 17",8:00 AM,7:00 PM,11.0,0.0,""
"Tue, May 18",8:00 AM,7:00 PM,11.0,0.0,""
"Wed, May 19",8:00 AM,6:00 PM,10.0,0.0,""
"Thu, May 20",8:00 AM,8:00 PM,12.0,0.0,""
"Fri, May 21",8:00 AM,6:00 PM,10.0,0.0,""
"Sun, May 23",5:30 PM,8:00 PM,2.5,0.0,""
"Mon, May 24",8:00 AM,7:00 PM,11.0,0.0,""
"Tue, May 25",8:00 AM,8:00 PM,12.0,0.0,""
"Wed, May 26",8:00 AM,7:30 PM,11.5,0.0,""
"Thu, May 27",8:00 AM,5:00 PM,9.0,0.0,""
"Fri, May 28",9:30 AM,6:00 PM,8.5,0.0,""
"Mon, May 31",8:00 AM,6:00 PM,10.0,0.0,""
"Tue, Jun 1",8:00 AM,6:00 PM,10.0,0.0,""
"Wed, Jun 2",8:00 AM,6:00 PM,10.0,0.0,""
"Thu, Jun 3",8:00 AM,6:30 PM,10.5,0.0,""
"Fri, Jun 4",8:00 AM,6:00 PM,10.0,0.0,""
"Sun, Jun 6",2:00 PM,4:30 PM,2.5,0.0,""
"Mon, Jun 7",8:00 AM,6:30 PM,10.5,0.0,""
"Tue, Jun 8",8:00 AM,6:00 PM,10.0,0.0,""
"Wed, Jun 9",8:00 AM,7:00 PM,11.0,0.0,""
"Thu, Jun 10",8:00 AM,9:00 PM,13.0,0.0,""
"Fri, Jun 11",8:00 AM,6:00 PM,10.0,0.0,""
"Sun, Jun 13",6:30 PM,9:30 PM,3.0,0.0,""
"Mon, Jun 14",8:00 AM,6:30 PM,10.5,0.0,""
"Tue, Jun 15",8:00 AM,6:30 PM,10.5,0.0,""
"Wed, Jun 16",8:00 AM,6:00 PM,10.0,0.0,""
"Thu, Jun 17",8:00 AM,6:00 PM,10.0,0.0,""
"Fri, Jun 18",8:00 AM,6:00 PM,10.0,0.0,""
"Mon, Jun 21",8:00 AM,7:30 PM,11.5,0.0,""
"Tue, Jun 22",8:00 AM,7:30 PM,11.5,0.0,""
"Wed, Jun 23",8:00 AM,7:30 PM,11.5,0.0,""
"Thu, Jun 24",8:00 AM,6:00 PM,10.0,0.0,""
"Fri, Jun 25",8:00 AM,6:00 PM,10.0,0.0,""
"Mon, Jun 28",8:00 AM,8:30 PM,12.5,0.0,""
"Tue, Jun 29",8:00 AM,6:00 PM,10.0,0.0,""
"Wed, Jun 30",8:00 AM,6:00 PM,10.0,0.0,""
"Thu, Jul 1",8:00 AM,7:30 PM,11.5,0.0,""
"Fri, Jul 2",8:00 AM,5:30 PM,9.5,0.0,""
"Sat, Jul 3",11:00 AM,12:30 PM,1.5,0.0,""
"Tue, Jul 6",8:00 AM,5:30 PM,9.5,0.0,""
"Wed, Jul 7",8:00 AM,8:30 PM,12.5,0.0,""
"Thu, Jul 8",8:00 AM,5:00 PM,9.0,0.0,""
"Fri, Jul 9",8:00 AM,5:30 PM,9.5,0.0,""
"Mon, Jul 12",8:00 AM,8:00 PM,12.0,0.0,""
"Tue, Jul 13",8:00 AM,6:00 PM,10.0,0.0,""
"Wed, Jul 14",8:00 AM,6:30 PM,10.5,0.0,""
"Thu, Jul 15",8:00 AM,9:00 PM,13.0,0.0,""
"Fri, Jul 16",8:00 AM,6:00 PM,10.0,0.0,""
"Mon, Jul 19",8:00 AM,8:00 PM,12.0,0.0,""
"Tue, Jul 20",9:00 AM,6:00 PM,9.0,0.0,""
"Wed, Jul 21",8:00 AM,6:00 PM,10.0,0.0,""
"Thu, Jul 22",8:00 AM,7:00 PM,11.0,0.0,""
"Fri, Jul 23",8:00 AM,6:00 PM,10.0,0.0,""
"Mon, Jul 26",8:00 AM,7:00 PM,11.0,0.0,""
"Tue, Jul 27",8:00 AM,8:00 PM,12.0,0.0,""
"Wed, Jul 28",8:00 AM,6:00 PM,10.0,0.0,""
"Thu, Jul 29",8:00 AM,6:00 PM,10.0,0.0,""
"Fri, Jul 30",8:00 AM,5:30 PM,9.5,0.0,""
"Mon, Aug 2",8:00 AM,7:00 PM,11.0,0.0,""
"Tue, Aug 3",8:00 AM,6:00 PM,10.0,0.0,""
"Wed, Aug 4",8:00 AM,5:30 PM,9.5,0.0,""
"Thu, Aug 5",8:00 AM,7:30 PM,11.5,0.0,""
"Fri, Aug 6",8:00 AM,6:00 PM,10.0,0.0,""
"Sat, Aug 7",5:00 PM,8:00 PM,3.0,0.0,""
"Mon, Aug 9",8:00 AM,6:30 PM,10.5,0.0,""
"Tue, Aug 10",8:00 AM,6:00 PM,10.0,0.0,""
"Wed, Aug 11",8:00 AM,6:00 PM,10.0,0.0,""
"Thu, Aug 12",8:00 AM,6:00 PM,10.0,0.0,""
"Fri, Aug 13",8:00 AM,6:00 PM,10.0,0.0,""
"Mon, Aug 16",8:00 AM,7:00 PM,11.0,0.0,""
"Tue, Aug 17",8:00 AM,7:30 PM,11.5,0.0,""
"Wed, Aug 18",8:00 AM,6:00 PM,10.0,0.0,""
"Thu, Aug 19",8:00 AM,6:00 PM,10.0,0.0,""
"Fri, Aug 20",8:00 AM,6:00 PM,10.0,0.0,""
"Sat, Aug 21",11:00 AM,1:30 PM,2.5,0.0,""
"Mon, Aug 23",8:00 AM,7:30 PM,11.5,0.0,""
"Tue, Aug 24",8:00 AM,7:30 PM,11.5,0.0,""
"Wed, Aug 25",8:00 AM,6:00 PM,10.0,0.0,""
"Thu, Aug 26",8:00 AM,6:00 PM,10.0,0.0,""
"Fri, Aug 27",8:00 AM,6:00 PM,10.0,0.0,""
"Mon, Aug 30",8:00 AM,7:30 PM,11.5,0.0,""
"Tue, Aug 31",8:00 AM,6:00 PM,10.0,0.0,""
"Wed, Sep 1",8:00 AM,9:00 PM,13.0,0.0,""
"Thu, Sep 2",8:00 AM,6:00 PM,10.0,0.0,""
"Fri, Sep 3",8:00 AM,6:00 PM,10.0,0.0,""
"Sat, Sep 4",1:30 PM,2:30 PM,1.0,0.0,""
"Mon, Sep 6",8:00 AM,4:00 PM,8.0,0.0,""
"Tue, Sep 7",8:00 AM,6:00 PM,10.0,0.0,""
"Wed, Sep 8",8:00 AM,8:30 PM,12.5,0.0,""
"Thu, Sep 9",8:00 AM,6:00 PM,10.0,0.0,""
"Fri, Sep 10",8:00 AM,5:30 PM,9.5,0.0,""
"Sun, Sep 12",6:00 PM,8:00 PM,2.0,0.0,""
"Mon, Sep 13",8:00 AM,6:00 PM,10.0,0.0,""
"Tue, Sep 14",8:00 AM,8:00 PM,12.0,0.0,""
"Wed, Sep 15",8:00 AM,7:30 PM,11.5,0.0,""
"Thu, Sep 16",8:00 AM,6:00 PM,10.0,0.0,""
"Fri, Sep 17",8:00 AM,7:00 PM,11.0,0.0,""
"Mon, Sep 20",8:00 AM,7:30 PM,11.5,0.0,""
"Tue, Sep 21",8:00 AM,5:30 PM,9.5,0.0,""
"Wed, Sep 22",8:00 AM,8:00 PM,12.0,0.0,""
"Thu, Sep 23",8:00 AM,6:00 PM,10.0,0.0,""
"Fri, Sep 24",8:00 AM,10:00 PM,14.0,0.0,""
"Mon, Sep 27",8:00 AM,6:30 PM,10.5,0.0,""
"Tue, Sep 28",8:00 AM,6:00 PM,10.0,0.0,""
"Wed, Sep 29",8:00 AM,6:30 PM,10.5,0.0,""
"Thu, Sep 30",8:00 AM,7:00 PM,11.0,0.0,""
"Fri, Oct 1",8:00 AM,6:00 PM,10.0,0.0,""
"Sun, Oct 3",10:30 AM,2:00 PM,3.5,0.0,""
"Mon, Oct 4",8:00 AM,7:00 PM,11.0,0.0,""
"Tue, Oct 5",8:00 AM,7:00 PM,11.0,0.0,""
"Wed, Oct 6",8:00 AM,7:30 PM,11.5,0.0,""
"Thu, Oct 7",8:00 AM,6:00 PM,10.0,0.0,""
"Fri, Oct 8",8:00 AM,6:30 PM,10.5,0.0,""
"Mon, Oct 11",8:00 AM,6:00 PM,10.0,0.0,""
"Tue, Oct 12",8:00 AM,6:00 PM,10.0,0.0,""
"Wed, Oct 13",8:00 AM,5:30 PM,9.5,0.0,""
"Thu, Oct 14",8:00 AM,6:00 PM,10.0,0.0,""
"Fri, Oct 15",8:00 AM,6:00 PM,10.0,0.0,""
"Sat, Oct 16",9:30 AM,3:00 PM,5.5,0.0,""
"Mon, Oct 18",8:00 AM,9:30 PM,13.5,0.0,""
"Tue, Oct 19",8:00 AM,6:00 PM,10.0,0.0,""
"Wed, Oct 20",8:00 AM,6:00 PM,10.0,0.0,""
"Thu, Oct 21",8:00 AM,6:00 PM,10.0,0.0,""
"Fri, Oct 22",8:00 AM,4:00 PM,8.0,0.0,""
"Sat, Oct 23",3:00 PM,4:00 PM,1.0,0.0,""
"Mon, Oct 25",8:00 AM,6:00 PM,10.0,0.0,""
"Tue, Oct 26",8:00 AM,6:00 PM,10.0,0.0,""
"Wed, Oct 27",8:00 AM,7:00 PM,11.0,0.0,""
"Thu, Oct 28",8:00 AM,7:00 PM,11.0,0.0,""
"Fri, Oct 29",8:00 AM,6:00 PM,10.0,0.0,""
"Sat, Oct 30",7:00 PM,9:30 PM,2.5,0.0,""
"Mon, Nov 1",8:00 AM,8:00 PM,12.0,0.0,""
"Tue, Nov 2",8:00 AM,7:00 PM,11.0,0.0,""
"Wed, Nov 3",8:00 AM,6:00 PM,10.0,0.0,""
"Thu, Nov 4",8:00 AM,5:30 PM,9.5,0.0,""
"Fri, Nov 5",8:00 AM,6:30 PM,10.5,0.0,""
"Sat, Nov 6",7:45 PM,9:15 PM,1.5,0.0,""
"Mon, Nov 8",8:00 AM,7:30 PM,11.5,0.0,""
"Tue, Nov 9",8:00 AM,6:00 PM,10.0,0.0,""
"Wed, Nov 10",8:00 AM,6:30 PM,10.5,0.0,""
"Thu, Nov 11",8:00 AM,6:00 PM,10.0,0.0,""
"Fri, Nov 12",8:00 AM,6:00 PM,10.0,0.0,""
"Mon, Nov 15",8:00 AM,6:00 PM,10.0,0.0,""
"Tue, Nov 16",8:00 AM,6:00 PM,10.0,0.0,""
"Wed, Nov 17",8:00 AM,6:00 PM,10.0,0.0,""
"Thu, Nov 18",8:00 AM,6:00 PM,10.0,0.0,""
"Fri, Nov 19",8:00 AM,6:30 PM,10.5,0.0,""
"Mon, Nov 29",8:00 AM,9:00 PM,13.0,0.0,""
"Tue, Nov 30",8:00 AM,8:00 PM,12.0,0.0,""
"Wed, Dec 1",8:00 AM,8:30 PM,12.5,0.0,""
"Thu, Dec 2",8:00 AM,5:00 PM,9.0,0.0,""
"Fri, Dec 3",8:00 AM,6:00 PM,10.0,0.0,""
"Mon, Dec 6",8:00 AM,9:30 PM,13.5,0.0,""
"Tue, Dec 7",8:00 AM,7:00 PM,11.0,0.0,""
"Wed, Dec 8",8:00 AM,6:00 PM,10.0,0.0,""
"Thu, Dec 9",8:00 AM,5:30 PM,9.5,0.0,""
"Fri, Dec 10",8:00 AM,6:00 PM,10.0,0.0,""
"Mon, Dec 13",8:00 AM,8:00 PM,12.0,0.0,""
"Tue, Dec 14",8:00 AM,6:00 PM,10.0,0.0,""
"Wed, Dec 15",8:00 AM,7:00 PM,11.0,0.0,""
"Thu, Dec 16",8:00 AM,5:30 PM,9.5,0.0,""
"Fri, Dec 17",8:00 AM,5:00 PM,9.0,0.0,""
"Sat, Dec 18",3:30 PM,8:30 PM,5.0,0.0,""
"Mon, Dec 20",8:00 AM,7:00 PM,11.0,0.0,""
"Tue, Dec 21",8:00 AM,6:00 PM,10.0,0.0,""
"Wed, Dec 22",8:00 AM,8:00 PM,12.0,0.0,""
"Thu, Dec 23",8:00 AM,5:30 PM,9.5,0.0,""
"Mon, Dec 27",8:00 AM,8:00 PM,12.0,0.0,""
"Tue, Dec 28",8:00 AM,6:30 PM,10.5,0.0,""
"Wed, Dec 29",8:00 AM,6:30 PM,10.5,0.0,""
"Thu, Dec 30",7:00 PM,8:00 PM,1.0,0.0,""
"Mon, Jan 3",8:00 AM,7:00 PM,11.0,0.0,""
"Tue, Jan 4",8:00 AM,7:00 PM,11.0,0.0,""
"Wed, Jan 5",8:00 AM,5:00 PM,9.0,0.0,""
"Thu, Jan 6",8:00 AM,8:00 PM,12.0,0.0,""
"Fri, Jan 7",8:00 AM,5:00 PM,9.0,0.0,""
"Sat, Jan 8",11:00 AM,3:00 PM,4.0,0.0,""
"Mon, Jan 10",8:00 AM,6:00 PM,10.0,0.0,""
"Tue, Jan 11",8:00 AM,5:30 PM,9.5,0.0,""
"Wed, Jan 12",8:00 AM,9:00 PM,13.0,0.0,""
"Thu, Jan 13",8:00 AM,6:00 PM,10.0,0.0,""
"Fri, Jan 14",8:00 AM,5:30 PM,9.5,0.0,""
"Mon, Jan 17",8:00 AM,7:00 PM,11.0,0.0,""
"Tue, Jan 18",8:00 AM,7:30 PM,11.5,0.0,""
"Wed, Jan 19",8:00 AM,6:30 PM,10.5,0.0,""
"Thu, Jan 20",8:00 AM,8:00 PM,12.0,0.0,""
"Fri, Jan 21",8:00 AM,6:00 PM,10.0,0.0,""
"Mon, Jan 24",8:00 AM,5:30 PM,9.5,0.0,""
"Tue, Jan 25",9:00 AM,8:30 PM,11.5,0.0,""
"Wed, Jan 26",8:00 AM,10:00 PM,14.0,0.0,""
"Thu, Jan 27",8:00 AM,6:00 PM,10.0,0.0,""
"Fri, Jan 28",8:00 AM,6:00 PM,10.0,0.0,""
"Mon, Jan 31",8:00 AM,8:00 PM,12.0,0.0,""
"Tue, Feb 1",8:00 AM,7:30 PM,11.5,0.0,""
"Wed, Feb 2",8:00 AM,6:30 PM,10.5,0.0,""
"Thu, Feb 3",8:00 AM,6:00 PM,10.0,0.0,""
"Fri, Feb 4",8:00 AM,6:00 PM,10.0,0.0,""
"Sat, Feb 5",8:00 AM,1:00 PM,5.0,0.0,""
"Mon, Feb 7",8:00 AM,6:00 PM,10.0,0.0,""
"Tue, Feb 8",8:00 AM,7:00 PM,11.0,0.0,""
"Wed, Feb 9",8:00 AM,6:00 PM,10.0,0.0,""
"Thu, Feb 10",8:00 AM,7:30 PM,11.5,0.0,""
"Fri, Feb 11",8:00 AM,6:00 PM,10.0,0.0,""
"Sat, Feb 12",9:30 AM,12:00 PM,2.5,0.0,""
"Mon, Feb 14",8:00 AM,6:00 PM,10.0,0.0,""
"Tue, Feb 15",8:00 AM,8:00 PM,12.0,0.0,""
"Wed, Feb 16",8:00 AM,6:00 PM,10.0,0.0,""
"Thu, Feb 17",8:00 AM,6:00 PM,10.0,0.0,""
"Fri, Feb 18",8:00 AM,6:30 PM,10.5,0.0,""
"Sat, Feb 19",9:00 AM,3:30 PM,6.5,0.0,""
"Mon, Feb 21",8:00 AM,5:30 PM,9.5,0.0,""
"Tue, Feb 22",8:00 AM,6:00 PM,10.0,0.0,""
"Wed, Feb 23",8:00 AM,9:00 PM,13.0,0.0,""
"Thu, Feb 24",8:00 AM,9:30 PM,13.5,0.0,""
"Fri, Feb 25",8:00 AM,5:00 PM,9.0,0.0,""
"Mon, Feb 28",8:00 AM,6:00 PM,10.0,0.0,""
"Tue, Mar 1",8:00 AM,8:00 PM,12.0,0.0,""
"Wed, Mar 2",8:00 AM,5:30 PM,9.5,0.0,""
"Thu, Mar 3",8:00 AM,7:00 PM,11.0,0.0,""
"Mon, Mar 7",7:30 PM,10:00 PM,2.5,0.0,""
"Tue, Mar 8",8:00 AM,6:00 PM,10.0,0.0,""
"Wed, Mar 9",8:00 AM,6:30 PM,10.5,0.0,""
"Thu, Mar 10",8:00 AM,6:00 PM,10.0,0.0,""
"Fri, Mar 11",8:00 AM,6:00 PM,10.0,0.0,""
"Sat, Mar 12",5:30 PM,9:00 PM,3.5,0.0,""
"Mon, Mar 14",8:00 AM,8:30 PM,12.5,0.0,""
"Tue, Mar 15",8:00 AM,7:30 PM,11.5,0.0,""
"Wed, Mar 16",8:00 AM,6:00 PM,10.0,0.0,""
"Thu, Mar 17",8:00 AM,5:30 PM,9.5,0.0,""
"Fri, Mar 18",8:00 AM,6:00 PM,10.0,0.0,""
"Sat, Mar 19",3:00 PM,4:30 PM,1.5,0.0,""
"Mon, Mar 21",8:00 AM,6:00 PM,10.0,0.0,""
"Tue, Mar 22",8:00 AM,8:00 PM,12.0,0.0,""
"Wed, Mar 23",8:00 AM,7:00 PM,11.0,0.0,""
"Thu, Mar 24",8:00 AM,6:00 PM,10.0,0.0,""
"Fri, Mar 25",8:00 AM,6:00 PM,10.0,0.0,""
"Sat, Mar 26",7:00 PM,8:00 PM,1.0,0.0,""
"Mon, Mar 28",8:00 AM,8:30 PM,12.5,0.0,""
"Tue, Mar 29",8:00 AM,9:30 PM,13.5,0.0,""
"Wed, Mar 30",8:00 AM,6:00 PM,10.0,0.0,""
"Thu, Mar 31",8:00 AM,8:00 PM,12.0,0.0,""
"Fri, Apr 1",8:00 AM,6:00 PM,10.0,0.0,""
"Sun, Apr 3",4:00 PM,5:00 PM,1.0,0.0,""
"Mon, Apr 4",8:00 AM,6:00 PM,10.0,0.0,""
"Tue, Apr 5",8:00 AM,8:30 PM,12.5,0.0,""
"Wed, Apr 6",8:00 AM,7:00 PM,11.0,0.0,""
"Thu, Apr 7",8:00 AM,5:30 PM,9.5,0.0,""
"Fri, Apr 8",8:00 AM,6:00 PM,10.0,0.0,""
"Mon, Apr 11",8:00 AM,6:30 PM,10.5,0.0,""
"Tue, Apr 12",8:00 AM,6:00 PM,10.0,0.0,""
"Wed, Apr 13",8:00 AM,7:30 PM,11.5,0.0,""
"Thu, Apr 14",8:00 AM,6:00 PM,10.0,0.0,""
"Fri, Apr 15",8:00 AM,6:00 PM,10.0,0.0,""
"Mon, Apr 18",8:00 AM,8:30 PM,12.5,0.0,""
"Tue, Apr 19",8:00 AM,5:30 PM,9.5,0.0,""
"Wed, Apr 20",8:00 AM,6:30 PM,10.5,0.0,""
"Thu, Apr 21",8:00 AM,8:30 PM,12.5,0.0,""
"Fri, Apr 22",8:00 AM,7:00 PM,11.0,0.0,""
"Mon, Apr 25",8:00 AM,7:00 PM,11.0,0.0,""
"Tue, Apr 26",8:00 AM,7:30 PM,11.5,0.0,""
"Wed, Apr 27",8:00 AM,6:30 PM,10.5,0.0,""
"Thu, Apr 28",8:00 AM,7:30 PM,11.5,0.0,""
"Fri, Apr 29",8:00 AM,5:30 PM,9.5,0.0,""
"Sun, May 1",6:00 PM,7:30 PM,1.5,0.0,""
"Mon, May 2",8:00 AM,6:00 PM,10.0,0.0,""
"Tue, May 3",8:00 AM,6:00 PM,10.0,0.0,""
"Wed, May 4",8:00 AM,8:30 PM,12.5,0.0,""
"Thu, May 5",8:00 AM,9:00 PM,13.0,0.0,""
"Fri, May 6",8:00 AM,7:30 PM,11.5,0.0,""
"Sat, May 7",6:00 PM,9:00 PM,3.0,0.0,""
"Mon, May 9",8:00 AM,6:30 PM,10.5,0.0,""
"Tue, May 10",8:00 AM,8:30 PM,12.5,0.0,""
"Wed, May 11",8:00 AM,6:00 PM,10.0,0.0,""
"Thu, May 12",8:00 AM,7:00 PM,11.0,0.0,""
"Fri, May 13",8:00 AM,6:00 PM,10.0,0.0,""
"Mon, May 16",8:00 AM,8:00 PM,12.0,0.0,""
"Tue, May 17",8:00 AM,6:30 PM,10.5,0.0,""
"Wed, May 18",8:00 AM,7:30 PM,11.5,0.0,""
"Thu, May 19",8:00 AM,7:00 PM,11.0,0.0,""
"Fri, May 20",8:00 AM,6:00 PM,10.0,0.0,""
"Sun, May 22",4:30 PM,5:00 PM,0.5,0.0,""
"Mon, May 23",8:00 AM,8:30 PM,12.5,0.0,""
"Tue, May 24",8:00 AM,9:00 PM,13.0,0.0,""
"Wed, May 25",8:00 AM,7:00 PM,11.0,0.0,""
"Thu, May 26",8:00 AM,6:00 PM,10.0,0.0,""
"Fri, May 27",8:00 AM,6:00 PM,10.0,0.0,""
"Mon, May 30",8:00 AM,7:30 PM,11.5,0.0,""
"Tue, May 31",8:00 AM,6:00 PM,10.0,0.0,""
"Wed, Jun 1",8:00 AM,5:30 PM,9.5,0.0,""
"Thu, Jun 2",8:00 AM,9:30 PM,13.5,0.0,""
"Fri, Jun 3",8:00 AM,6:00 PM,10.0,0.0,""
"Sat, Jun 4",9:30 AM,3:00 PM,5.5,0.0,""
"Mon, Jun 6",8:00 AM,6:30 PM,10.5,0.0,""
"Tue, Jun 7",8:00 AM,7:00 PM,11.0,0.0,""
"Wed, Jun 8",8:00 AM,6:00 PM,10.0,0.0,""
"Thu, Jun 9",8:00 AM,7:30 PM,11.5,0.0,""
"Fri, Jun 10",8:00 AM,9:00 PM,13.0,0.0,""
"Sat, Jun 11",4:00 PM,6:30 PM,2.5,0.0,""
"Mon, Jun 13",8:00 AM,8:00 PM,12.0,0.0,""
"Tue, Jun 14",8:00 AM,6:00 PM,10.0,0.0,""
"Wed, Jun 15",8:00 AM,6:00 PM,10.0,0.0,""
"Thu, Jun 16",8:00 AM,6:00 PM,10.0,0.0,""
"Mon, Jun 20",8:00 AM,9:30 PM,13.5,0.0,""
"Tue, Jun 21",8:00 AM,10:30 PM,14.5,0.0,""
"Wed, Jun 22",8:00 AM,9:00 PM,13.0,0.0,""
"Thu, Jun 23",8:00 AM,9:00 PM,13.0,0.0,""
"Fri, Jun 24",8:00 AM,6:00 PM,10.0,0.0,""
"Sat, Jun 25",12:30 PM,1:30 PM,1.0,0.0,""
"Mon, Jun 27",8:00 AM,8:00 PM,12.0,0.0,""
"Tue, Jun 28",8:00 AM,6:00 PM,10.0,0.0,""
"Wed, Jun 29",8:00 AM,8:30 PM,12.5,0.0,""
"Thu, Jun 30",8:00 AM,6:00 PM,10.0,0.0,""
"Thu, Jun 30",8:00 AM,6:00 PM,10.0,0.0,""
"Fri, Jul 1",8:00 AM,8:30 PM,12.5,0.0,""
"Sat, Jul 2",9:00 AM,4:00 PM,7.0,0.0,""
"Mon, Jul 4",9:00 AM,12:30 PM,3.5,0.0,""
"Tue, Jul 5",8:00 AM,6:00 PM,10.0,0.0,""
"Wed, Jul 6",8:00 AM,5:30 PM,9.5,0.0,""
"Thu, Jul 7",8:00 AM,6:00 PM,10.0,0.0,""
"Fri, Jul 8",8:00 AM,6:00 PM,10.0,0.0,""
"Mon, Jul 11",8:00 AM,7:00 PM,11.0,0.0,""
"Tue, Jul 12",8:00 AM,7:00 PM,11.0,0.0,""
"Wed, Jul 13",8:00 AM,5:30 PM,9.5,0.0,""
"Thu, Jul 14",8:00 AM,5:30 PM,9.5,0.0,""
"Fri, Jul 15",8:00 AM,6:00 PM,10.0,0.0,""
"Sat, Jul 16",9:00 AM,12:30 PM,3.5,0.0,""
"Mon, Jul 18",8:00 AM,8:30 PM,12.5,0.0,""
"Tue, Jul 19",8:00 AM,8:00 PM,12.0,0.0,""
"Wed, Jul 20",8:00 AM,5:30 PM,9.5,0.0,""
"Thu, Jul 21",8:00 AM,6:00 PM,10.0,0.0,""
"Fri, Jul 22",8:00 AM,6:00 PM,10.0,0.0,""
"Sat, Jul 23",2:00 PM,8:00 PM,6.0,0.0,""
"Mon, Jul 25",8:00 AM,6:30 PM,10.5,0.0,""
"Tue, Jul 26",8:00 AM,2:00 PM,6.0,0.0,""
"Wed, Jul 27",8:00 AM,6:00 PM,10.0,0.0,""
"Thu, Jul 28",8:00 AM,8:30 PM,12.5,0.0,""
"Fri, Jul 29",8:00 AM,6:00 PM,10.0,0.0,""
"Mon, Aug 1",8:00 AM,9:30 PM,13.5,0.0,""
"Tue, Aug 2",8:00 AM,9:30 PM,13.5,0.0,""
"Wed, Aug 3",8:00 AM,6:00 PM,10.0,0.0,""
"Thu, Aug 4",8:00 AM,7:30 PM,11.5,0.0,""
"Fri, Aug 5",8:00 AM,6:00 PM,10.0,0.0,""
"Mon, Aug 8",8:00 AM,6:00 PM,10.0,0.0,""
"Tue, Aug 9",8:00 AM,6:00 PM,10.0,0.0,""
"Wed, Aug 10",8:00 AM,9:00 PM,13.0,0.0,""
"Thu, Aug 11",8:00 AM,8:00 PM,12.0,0.0,""
"Fri, Aug 12",8:00 AM,5:00 PM,9.0,0.0,""
"Mon, Aug 15",8:00 AM,6:30 PM,10.5,0.0,""
"Tue, Aug 16",8:00 AM,8:00 PM,12.0,0.0,""
"Wed, Aug 17",8:00 AM,7:30 PM,11.5,0.0,""
"Thu, Aug 18",8:00 AM,5:00 PM,9.0,0.0,""
"Fri, Aug 19",8:00 AM,5:30 PM,9.5,0.0,""
"Sat, Aug 20",5:00 PM,8:00 PM,3.0,0.0,""
"Mon, Aug 22",8:00 AM,9:30 PM,13.5,0.0,""
"Tue, Aug 23",8:00 AM,6:00 PM,10.0,0.0,""
"Wed, Aug 24",8:00 AM,6:30 PM,10.5,0.0,""
"Thu, Aug 25",8:00 AM,6:30 PM,10.5,0.0,""
"Fri, Aug 26",8:00 AM,8:00 PM,12.0,0.0,""
"Mon, Aug 29",8:00 AM,8:00 PM,12.0,0.0,""
"Tue, Aug 30",8:00 AM,6:00 PM,10.0,0.0,""
"Wed, Aug 31",8:00 AM,6:30 PM,10.5,0.0,""
"Thu, Sep 1",8:00 AM,7:00 PM,11.0,0.0,""
"Fri, Sep 2",8:00 AM,6:00 PM,10.0,0.0,""
"Mon, Sep 5",8:00 AM,7:00 PM,11.0,0.0,""
"Tue, Sep 6",8:00 AM,5:30 PM,9.5,0.0,""
"Wed, Sep 7",8:00 AM,5:30 PM,9.5,0.0,""
"Thu, Sep 8",8:00 AM,8:30 PM,12.5,0.0,""
"Fri, Sep 9",8:00 AM,5:00 PM,9.0,0.0,""
"Mon, Sep 12",8:00 AM,8:30 PM,12.5,0.0,""
"Tue, Sep 13",8:00 AM,6:30 PM,10.5,0.0,""
"Wed, Sep 14",8:00 AM,8:30 PM,12.5,0.0,""
"Thu, Sep 15",8:00 AM,6:30 PM,10.5,0.0,""
"Fri, Sep 16",8:00 AM,6:00 PM,10.0,0.0,""
"Mon, Sep 19",8:00 AM,6:00 PM,10.0,0.0,""
"Tue, Sep 20",8:00 AM,6:00 PM,10.0,0.0,""
"Wed, Sep 21",8:00 AM,9:00 PM,13.0,0.0,""
"Thu, Sep 22",8:00 AM,9:00 PM,13.0,0.0,""
"Fri, Sep 23",8:00 AM,6:00 PM,10.0,0.0,""
"Mon, Sep 26",8:00 AM,8:00 PM,12.0,0.0,""
"Tue, Sep 27",8:00 AM,6:30 PM,10.5,0.0,""
"Mon, Oct 3",8:00 AM,6:00 PM,10.0,0.0,""
"Tue, Oct 4",8:00 AM,6:00 PM,10.0,0.0,""
"Wed, Oct 5",8:00 AM,4:30 PM,8.5,0.0,""
"Thu, Oct 6",8:00 AM,6:00 PM,10.0,0.0,""
"Fri, Oct 7",8:00 AM,6:00 PM,10.0,0.0,""
"Mon, Oct 10",8:00 AM,6:30 PM,10.5,0.0,""
"Tue, Oct 11",8:00 AM,7:00 PM,11.0,0.0,""
"Wed, Oct 12",8:00 AM,6:00 PM,10.0,0.0,""
"Thu, Oct 13",8:00 AM,6:00 PM,10.0,0.0,""
"Fri, Oct 14",8:00 AM,6:00 PM,10.0,0.0,""
"Mon, Oct 17",8:00 AM,7:30 PM,11.5,0.0,""
"Tue, Oct 18",8:00 AM,4:30 PM,8.5,0.0,""
"Mon, Oct 24",8:00 AM,8:00 PM,12.0,0.0,""
"Tue, Oct 25",8:00 AM,6:00 PM,10.0,0.0,""
"Wed, Oct 26",8:00 AM,6:30 PM,10.5,0.0,""
"Thu, Oct 27",8:00 AM,9:30 PM,13.5,0.0,""
"Fri, Oct 28",8:30 AM,6:00 PM,9.5,0.0,""
"Mon, Oct 31",8:00 AM,8:00 PM,12.0,0.0,""
"Tue, Nov 1",8:30 AM,8:00 PM,11.5,0.0,""
"Wed, Nov 2",8:30 AM,6:00 PM,9.5,0.0,""
"Thu, Nov 3",8:00 AM,6:00 PM,10.0,0.0,""
"Fri, Nov 4",8:00 AM,6:00 PM,10.0,0.0,""
"Sat, Nov 5",7:30 PM,9:30 PM,2.0,0.0,""
"Sun, Nov 6",9:00 AM,11:00 AM,2.0,0.0,""
"Mon, Nov 7",8:00 AM,7:00 PM,11.0,0.0,""
"Tue, Nov 8",8:00 AM,4:00 PM,8.0,0.0,""
"Wed, Nov 9",8:00 AM,7:30 PM,11.5,0.0,""
"Thu, Nov 10",8:00 AM,7:00 PM,11.0,0.0,""
"Fri, Nov 11",8:00 AM,6:30 PM,10.5,0.0,""
"Mon, Nov 14",8:00 AM,6:30 PM,10.5,0.0,""
"Tue, Nov 15",8:00 AM,6:30 PM,10.5,0.0,""
"Wed, Nov 16",8:00 AM,8:30 PM,12.5,0.0,""
"Thu, Nov 17",8:00 AM,6:00 PM,10.0,0.0,""
"Fri, Nov 18",8:00 AM,6:00 PM,10.0,0.0,""
"Sat, Nov 19",11:00 AM,2:30 PM,3.5,0.0,""
"Mon, Nov 21",8:00 AM,7:30 PM,11.5,0.0,""
"Tue, Nov 22",8:00 AM,6:00 PM,10.0,0.0,""
"Wed, Nov 23",8:00 AM,6:30 PM,10.5,0.0,""
"Fri, Nov 25",8:00 AM,6:30 PM,10.5,0.0,""
"Mon, Nov 28",8:00 AM,6:00 PM,10.0,0.0,""
"Tue, Nov 29",8:00 AM,6:00 PM,10.0,0.0,""
"Wed, Nov 30",8:00 AM,8:00 PM,12.0,0.0,""
"Thu, Dec 1",8:00 AM,6:00 PM,10.0,0.0,""
"Fri, Dec 2",8:00 AM,6:00 PM,10.0,0.0,""
"Sat, Dec 3",6:00 PM,9:00 PM,3.0,0.0,""
"Mon, Dec 5",8:00 AM,7:30 PM,11.5,0.0,""
"Tue, Dec 6",8:00 AM,7:30 PM,11.5,0.0,""
"Wed, Dec 7",8:00 AM,7:30 PM,11.5,0.0,""
"Thu, Dec 8",8:00 AM,6:00 PM,10.0,0.0,""
"Fri, Dec 9",8:00 AM,5:00 PM,9.0,0.0,""
"Mon, Dec 12",8:00 AM,9:30 PM,13.5,0.0,""
"Tue, Dec 13",8:00 AM,9:00 PM,13.0,0.0,""
"Wed, Dec 14",8:00 AM,8:30 PM,12.5,0.0,""
"Thu, Dec 15",8:00 AM,6:00 PM,10.0,0.0,""
"Fri, Dec 16",8:00 AM,6:00 PM,10.0,0.0,""
"Mon, Dec 19",8:00 AM,9:00 PM,13.0,0.0,""
"Tue, Dec 20",8:00 AM,6:30 PM,10.5,0.0,""
"Wed, Dec 21",8:00 AM,6:00 PM,10.0,0.0,""
"Thu, Dec 22",8:00 AM,6:00 PM,10.0,0.0,""
"Fri, Dec 23",8:00 AM,6:00 PM,10.0,0.0,""
"Mon, Dec 26",8:00 AM,8:00 PM,12.0,0.0,""
"Tue, Dec 27",9:00 AM,6:30 PM,9.5,0.0,""
"Wed, Dec 28",8:00 AM,6:00 PM,10.0,0.0,""
"Thu, Dec 29",8:00 AM,7:00 PM,11.0,0.0,""
"Fri, Dec 30",8:00 AM,6:00 PM,10.0,0.0,""
"Mon, Jan 2",8:00 AM,7:00 PM,11.0,0.0,""
"Tue, Jan 3",8:00 AM,6:00 PM,10.0,0.0,""
"Wed, Jan 4",8:00 AM,6:00 PM,10.0,0.0,""
"Thu, Jan 5",8:00 AM,7:00 PM,11.0,0.0,""
"Fri, Jan 6",9:30 AM,6:30 PM,9.0,0.0,""
"Sun, Jan 8",7:00 PM,8:00 PM,1.0,0.0,""
"Mon, Jan 9",8:00 AM,8:30 PM,12.5,0.0,""
"Tue, Jan 10",8:00 AM,6:00 PM,10.0,0.0,""
"Wed, Jan 11",8:00 AM,6:30 PM,10.5,0.0,""
"Thu, Jan 12",8:00 AM,7:30 PM,11.5,0.0,""
"Fri, Jan 13",8:00 AM,6:00 PM,10.0,0.0,""
"Mon, Jan 16",8:00 AM,7:30 PM,11.5,0.0,""
"Tue, Jan 17",8:00 AM,6:30 PM,10.5,0.0,""
"Wed, Jan 18",8:00 AM,6:00 PM,10.0,0.0,""
"Thu, Jan 19",8:00 AM,6:00 PM,10.0,0.0,""
"Fri, Jan 20",8:00 AM,6:00 PM,10.0,0.0,""
"Sat, Jan 21",1:30 PM,5:30 PM,4.0,0.0,""
"Mon, Jan 23",8:00 AM,9:00 PM,13.0,0.0,""
"Wed, Jan 25",8:00 AM,6:00 PM,10.0,0.0,""
"Thu, Jan 26",8:00 AM,6:00 PM,10.0,0.0,""
"Tue, Jan 31",8:00 AM,9:00 PM,13.0,0.0,""
"Wed, Feb 1",8:00 AM,8:00 PM,12.0,0.0,""
"Thu, Feb 2",8:00 AM,8:00 PM,12.0,0.0,""
"Fri, Feb 3",8:00 AM,6:00 PM,10.0,0.0,""
"Mon, Feb 6",8:00 AM,8:30 PM,12.5,0.0,""
"Tue, Feb 7",8:00 AM,8:30 PM,12.5,0.0,""
"Wed, Feb 8",8:00 AM,9:00 PM,13.0,0.0,""
"Thu, Feb 9",8:00 AM,6:30 PM,10.5,0.0,""
"Fri, Feb 10",8:00 AM,5:30 PM,9.5,0.0,""
"Mon, Feb 13",8:00 AM,9:30 PM,13.5,0.0,""
"Tue, Feb 14",8:00 AM,5:30 PM,9.5,0.0,""
"Wed, Feb 15",8:00 AM,6:00 PM,10.0,0.0,""
"Thu, Feb 16",8:00 AM,7:30 PM,11.5,0.0,""
"Fri, Feb 17",8:00 AM,6:00 PM,10.0,0.0,""
"Mon, Feb 20",8:00 AM,7:00 PM,11.0,0.0,""
"Tue, Feb 21",8:00 AM,7:30 PM,11.5,0.0,""
"Wed, Feb 22",8:00 AM,6:00 PM,10.0,0.0,""
"Thu, Feb 23",8:00 AM,7:00 PM,11.0,0.0,""
"Fri, Feb 24",8:00 AM,6:00 PM,10.0,0.0,""
"Sat, Feb 25",1:00 PM,3:00 PM,2.0,0.0,""
"Mon, Feb 27",8:00 AM,8:00 PM,12.0,0.0,""
"Tue, Feb 28",8:00 AM,5:30 PM,9.5,0.0,""
"Wed, Mar 1",8:00 AM,8:30 PM,12.5,0.0,""
"Thu, Mar 2",8:00 AM,6:00 PM,10.0,0.0,""
"Wed, Mar 8",8:00 AM,9:30 PM,13.5,0.0,""
"Thu, Mar 9",8:00 AM,6:00 PM,10.0,0.0,""
"Fri, Mar 10",8:00 AM,5:00 PM,9.0,0.0,""
"Mon, Mar 13",8:00 AM,6:00 PM,10.0,0.0,""
"Tue, Mar 14",8:00 AM,6:00 PM,10.0,0.0,""
"Wed, Mar 15",8:00 AM,7:00 PM,11.0,0.0,""
"Thu, Mar 16",8:00 AM,8:30 PM,12.5,0.0,""
"Fri, Mar 17",8:00 AM,5:30 PM,9.5,0.0,""
"Sat, Mar 18",6:00 PM,8:30 PM,2.5,0.0,""
"Mon, Mar 20",8:00 AM,6:30 PM,10.5,0.0,""
"Tue, Mar 21",8:00 AM,6:00 PM,10.0,0.0,""
"Wed, Mar 22",8:00 AM,8:30 PM,12.5,0.0,""
"Thu, Mar 23",8:00 AM,8:30 PM,12.5,0.0,""
"Fri, Mar 24",8:00 AM,6:00 PM,10.0,0.0,""
"Mon, Mar 27",8:00 AM,5:30 PM,9.5,0.0,""
"Tue, Mar 28",8:00 AM,7:30 PM,11.5,0.0,""
"Wed, Mar 29",8:00 AM,6:00 PM,10.0,0.0,""
"Thu, Mar 30",8:00 AM,7:30 PM,11.5,0.0,""
"Fri, Mar 31",8:00 AM,6:30 PM,10.5,0.0,""
"Mon, Apr 3",8:00 AM,7:30 PM,11.5,0.0,""
"Tue, Apr 4",8:00 AM,6:00 PM,10.0,0.0,""
"Wed, Apr 5",8:00 AM,6:30 PM,10.5,0.0,""
"Thu, Apr 6",8:00 AM,6:00 PM,10.0,0.0,""
"Fri, Apr 7",8:00 AM,6:00 PM,10.0,0.0,""
"Sat, Apr 8",12:00 PM,2:00 PM,2.0,0.0,""
"Mon, Apr 10",8:00 AM,7:30 PM,11.5,0.0,""
"Tue, Apr 11",8:00 AM,6:00 PM,10.0,0.0,""
"Wed, Apr 12",8:00 AM,7:00 PM,11.0,0.0,""
"Thu, Apr 13",8:00 AM,6:30 PM,10.5,0.0,""
"Fri, Apr 14",8:00 AM,6:00 PM,10.0,0.0,""
"Sat, Apr 15",12:30 PM,2:30 PM,2.0,0.0,""
"Mon, Apr 17",9:30 AM,6:30 PM,9.0,0.0,""
"Tue, Apr 18",8:00 AM,6:00 PM,10.0,0.0,""
"Wed, Apr 19",8:00 AM,11:00 PM,15.0,0.0,"4 of those hours Dima asked to add for 2 coil change jobs and 2 trims"
"Thu, Apr 20",8:00 AM,7:00 PM,11.0,0.0,"Coil change"
"Fri, Apr 21",8:00 AM,8:00 PM,12.0,0.0,"Two trims"
"Mon, Apr 24",8:00 AM,7:00 PM,11.0,0.0,""
"Tue, Apr 25",8:00 AM,5:00 PM,9.0,0.0,""
"Wed, Apr 26",8:00 AM,9:30 PM,13.5,0.0,"1 trim"
"Thu, Apr 27",8:00 AM,6:00 PM,10.0,0.0,""
"Fri, Apr 28",8:00 AM,12:00 AM,16.0,0.0,"1 coil, 2 trims"
"Sat, Apr 29",10:00 AM,11:00 AM,1.0,0.0,""
"Mon, May 1",8:00 AM,6:00 PM,10.0,0.0,""
"Tue, May 2",8:00 AM,1:00 AM,17.0,0.0,"2 trims"
"Wed, May 3",8:00 AM,7:30 PM,11.5,0.0,"1 trim"
"Thu, May 4",8:00 AM,9:00 PM,13.0,0.0,"2 trims"
"Fri, May 5",8:00 AM,8:00 PM,12.0,0.0,""
"Mon, May 8",8:00 AM,6:00 PM,10.0,0.0,""
"Tue, May 9",8:00 AM,7:30 PM,11.5,0.0,""
"Wed, May 10",8:00 AM,8:30 PM,12.5,0.0,""
"Thu, May 11",8:00 AM,8:30 PM,12.5,0.0,"Coil change"
"Fri, May 12",8:00 AM,5:30 PM,9.5,0.0,""
"Mon, May 15",8:00 AM,6:00 PM,10.0,0.0,""
"Tue, May 16",8:00 AM,6:00 PM,10.0,0.0,""
"Wed, May 17",8:00 AM,6:00 PM,10.0,0.0,""
"Thu, May 18",8:00 AM,6:00 PM,10.0,0.0,""
"Fri, May 19",8:00 AM,6:00 PM,10.0,0.0,""
"Sat, May 20",11:00 AM,12:00 PM,1.0,0.0,""
"Mon, May 22",8:00 AM,6:30 PM,10.5,0.0,""
"Tue, May 23",8:00 AM,6:30 PM,10.5,0.0,"1 trim"
"Wed, May 24",8:00 AM,8:30 PM,12.5,0.0,""
"Thu, May 25",8:00 AM,7:30 PM,11.5,0.0,""
"Fri, May 26",8:00 AM,9:00 PM,13.0,0.0,"2 trims"
"Mon, May 29",8:00 AM,6:00 PM,10.0,0.0,""
"Tue, May 30",8:00 AM,8:00 PM,12.0,0.0,"1 Trim"
"Wed, May 31",8:00 AM,11:00 PM,15.0,0.0,"2 coil changes"
"Thu, Jun 1",8:00 AM,5:30 PM,9.5,0.0,""
"Fri, Jun 2",8:00 AM,5:00 PM,9.0,0.0,""
"Sun, Jun 4",6:30 PM,10:30 PM,4.0,0.0,""
"Mon, Jun 5",8:00 AM,7:30 PM,11.5,0.0,""
"Tue, Jun 6",8:00 AM,8:30 PM,12.5,0.0,"1 Coil change"
"Wed, Jun 7",8:00 AM,5:00 PM,9.0,0.0,""
"Thu, Jun 8",8:00 AM,6:30 PM,10.5,0.0,"1 coil change"
"Sat, Jun 10",1:00 PM,1:30 PM,0.5,0.0,""
"Tue, Jun 13",8:00 AM,6:30 PM,10.5,0.0,""
"Wed, Jun 14",8:00 AM,9:30 PM,13.5,0.0,"Cu motor change"
"Thu, Jun 15",8:00 AM,6:30 PM,10.5,0.0,""
"Fri, Jun 16",8:00 AM,4:00 PM,8.0,0.0,""
"Sat, Jun 17",9:00 AM,11:30 AM,2.5,0.0,""
"Sun, Jun 18",12:30 PM,1:30 PM,1.0,0.0,""
"Mon, Jun 19",8:00 AM,7:30 PM,11.5,0.0,""
"Tue, Jun 20",8:00 AM,9:30 PM,13.5,0.0,"Coil change"
"Tue, Jun 20",8:00 AM,6:00 PM,10.0,0.0,""
"Wed, Jun 21",8:00 AM,5:30 PM,9.5,0.0,"1 trim out"
"Thu, Jun 22",8:00 AM,5:00 PM,9.0,0.0,""
"Fri, Jun 23",8:00 AM,5:30 PM,9.5,0.0,""
"Mon, Jun 26",8:00 AM,6:00 PM,10.0,0.0,""
"Tue, Jun 27",8:00 AM,6:00 PM,10.0,0.0,""
"Wed, Jun 28",8:00 AM,9:30 PM,13.5,0.0,"1 trim out"
"Thu, Jun 29",8:00 AM,6:00 PM,10.0,0.0,""
"Fri, Jun 30",8:00 AM,5:00 PM,9.0,0.0,""
"Sat, Jul 1",9:30 AM,12:30 PM,3.0,0.0,""
"Mon, Jul 3",8:00 AM,5:30 PM,9.5,0.0,""
"Tue, Jul 4",8:00 AM,5:30 PM,9.5,0.0,"1 trim"
"Wed, Jul 5",8:00 AM,7:00 PM,11.0,0.0,""
"Thu, Jul 6",8:00 AM,6:30 PM,10.5,0.0,""
"Mon, Jul 10",8:00 AM,6:30 PM,10.5,0.0,""
"Tue, Jul 11",8:00 AM,6:00 PM,10.0,0.0,""
"Wed, Jul 12",8:00 AM,4:00 PM,8.0,0.0,""
"Thu, Jul 13",8:00 AM,6:30 PM,10.5,0.0,""
"Fri, Jul 14",8:00 AM,4:00 PM,8.0,0.0,""
"Sat, Jul 15",3:00 PM,4:00 PM,1.0,0.0,""
"Mon, Jul 17",8:00 AM,6:30 PM,10.5,0.0,""
"Tue, Jul 18",5:56 PM,5:56 PM,0.0,0.0,"Piecework - change out"
"Wed, Jul 19",8:00 AM,7:30 PM,11.5,0.0,""
"Thu, Jul 20",8:00 AM,7:30 PM,11.5,0.0,""
"Fri, Jul 21",8:00 AM,7:00 PM,11.0,0.0,"1 Coil change"
"Mon, Jul 24",8:00 AM,7:30 PM,11.5,0.0,""
"Tue, Jul 25",8:00 AM,10:00 PM,14.0,0.0,"1 coil change, 1 trim out"
"Wed, Jul 26",8:00 AM,6:00 PM,10.0,0.0,""
"Thu, Jul 27",8:00 AM,9:00 PM,13.0,0.0,"1 trim"
"Fri, Jul 28",8:00 AM,7:00 PM,11.0,0.0,""
"Sat, Jul 29",12:00 PM,7:00 PM,7.0,0.0,"+$100 for being on call"
"Tue, Aug 1",8:00 AM,8:30 PM,12.5,0.0,"2 trims"
"Wed, Aug 2",8:00 AM,7:00 PM,11.0,0.0,"1 trim"
"Thu, Aug 3",8:00 AM,9:00 PM,13.0,0.0,"1 trim"
"Fri, Aug 4",8:00 AM,6:30 PM,10.5,0.0,"1 trim"
"Mon, Aug 7",8:00 AM,3:30 PM,7.5,0.0,""
"Tue, Aug 8",8:00 AM,7:30 PM,11.5,0.0,""
"Wed, Aug 9",8:00 AM,4:30 PM,8.5,0.0,""
"Thu, Aug 10",8:00 AM,5:00 PM,9.0,0.0,""
"Fri, Aug 11",8:00 AM,9:30 PM,13.5,0.0,"1 trim"
"Mon, Aug 14",8:00 AM,8:30 PM,12.5,0.0,""
"Tue, Aug 15",8:00 AM,7:30 PM,11.5,0.0,""
"Wed, Aug 16",8:00 AM,9:30 PM,13.5,0.0,"1 trim"
"Thu, Aug 17",8:00 AM,7:30 PM,11.5,0.0,""
"Fri, Aug 18",8:00 AM,6:30 PM,10.5,0.0,""
"Mon, Aug 21",8:00 AM,6:00 PM,10.0,0.0,""
"Tue, Aug 22",8:00 AM,5:30 PM,9.5,0.0,""
"Wed, Aug 23",8:00 AM,7:00 PM,11.0,0.0,""
"Thu, Aug 24",8:00 AM,5:30 PM,9.5,0.0,""
"Tue, Aug 29",8:00 AM,7:30 PM,11.5,0.0,"2 trims"
,,Totals:,12612.5,0.0,